瘤痢,瘤痢疙,老矫,弥历扁柯(∑C),老碍荐樊(mm),弥措 鉴埃 浅加(m/s),乞闭 惑措嚼档(%)
192,柳林,2016-02-01,-4.1,,8.6,43.9
192,柳林,2016-02-02,-9.1,,4.2,47.5
192,柳林,2016-02-03,-9.3,,4.5,57.1
192,柳林,2016-02-04,-7.7,,7,53.4
192,柳林,2016-02-05,-6.5,,5.9,44.4
192,柳林,2016-02-06,-6.7,,8.4,48.3
192,柳林,2016-02-07,-8.8,,4.8,50.9
192,柳林,2016-02-08,-8.6,,8.1,47.6
192,柳林,2016-02-09,-2,,11.5,26.1
192,柳林,2016-02-10,-6.2,,4.7,47.5
192,柳林,2016-02-11,-3,,5.8,57.1
192,柳林,2016-02-12,5.8,62.8,7.4,88
192,柳林,2016-02-13,9.3,9.9,7.8,90.5
192,柳林,2016-02-14,-1.8,,9.6,53.6
192,柳林,2016-02-15,-4.4,,9.9,38.4
192,柳林,2016-02-16,-6.3,,12.8,59.6
192,柳林,2016-02-17,-3.4,,7.9,49.8
192,柳林,2016-02-18,-6.1,,7.9,61.8
192,柳林,2016-02-19,-2.7,,6.8,58.9
192,柳林,2016-02-20,1.8,,9,42.9
192,柳林,2016-02-21,-3.6,,7.7,35.8
192,柳林,2016-02-22,-2,,3.5,45.5
192,柳林,2016-02-23,-.1,,8.1,39.5
192,柳林,2016-02-24,-4,,7.7,29.9
192,柳林,2016-02-25,-4.2,,8.6,32.8
192,柳林,2016-02-26,-5.9,,8.7,61
192,柳林,2016-02-27,.8,.7,8.5,49.8
192,柳林,2016-02-28,-.7,3,14.5,67.1
192,柳林,2016-02-29,-4.6,,10.3,43.8
192,柳林,2016-03-01,-7.7,,6.3,44
192,柳林,2016-03-02,-6.8,,7.6,49.6
192,柳林,2016-03-03,-3.4,0,8.6,61.9
192,柳林,2016-03-04,6.6,36.1,4.2,88.4
192,柳林,2016-03-05,8.5,43.1,9.9,87.6
192,柳林,2016-03-06,8.3,1.3,6.6,81.5
192,柳林,2016-03-07,6.8,,6.1,67.8
192,柳林,2016-03-08,3.4,3.3,8.5,65.1
192,柳林,2016-03-09,1.2,6.8,8.5,56.6
192,柳林,2016-03-10,-1.3,,9.9,33
192,柳林,2016-03-11,-3.3,,8.2,34.1
192,柳林,2016-03-12,-5.4,,6.8,43.9
192,柳林,2016-03-13,1,,5,51.3
192,柳林,2016-03-14,-1.7,,9.8,50.5
192,柳林,2016-03-15,-3.3,,7.2,49.1
192,柳林,2016-03-16,2.8,,6.7,53.1
192,柳林,2016-03-17,-1.1,,8,55.3
192,柳林,2016-03-18,7.9,27.6,3.2,89.3
192,柳林,2016-03-19,6.1,,7.4,71.5
192,柳林,2016-03-20,6.4,,5.5,68.3
192,柳林,2016-03-21,3.5,,6.3,62.5
192,柳林,2016-03-22,2.6,,7,64.5
192,柳林,2016-03-23,3.3,,7.8,52.3
192,柳林,2016-03-24,5.6,0,6.5,45.6
192,柳林,2016-03-25,4.1,2.8,6.7,70.8
192,柳林,2016-03-26,.1,,7,56.1
192,柳林,2016-03-27,-.4,,7.2,53.4
192,柳林,2016-03-28,-1.5,,7.8,49.9
192,柳林,2016-03-29,1.5,,11.7,60
192,柳林,2016-03-30,6.8,,6.5,53.6
192,柳林,2016-03-31,4.6,,5.9,61.9
192,柳林,2016-04-01,4.1,,7.6,57.3
192,柳林,2016-04-02,5.1,,6.9,68.8
192,柳林,2016-04-03,10.8,37.8,3.8,86.6
192,柳林,2016-04-04,9.8,2.6,4.7,81.9
192,柳林,2016-04-05,7.2,,6.8,66.8
192,柳林,2016-04-06,5.2,26.1,7.2,64.9
192,柳林,2016-04-07,8.6,28.7,4.8,82.5
192,柳林,2016-04-08,9.1,,6.7,60.3
192,柳林,2016-04-09,6.4,,7.7,55.8
192,柳林,2016-04-10,7.1,,8.6,62.9
192,柳林,2016-04-11,9.2,,6.3,66
192,柳林,2016-04-12,4.3,3.1,6.2,58.6
192,柳林,2016-04-13,10.6,37.7,3.9,90.3
192,柳林,2016-04-14,11.3,,8.4,57.6
192,柳林,2016-04-15,5.3,,7.4,59.3
192,柳林,2016-04-16,5.4,77.5,11,78.5
192,柳林,2016-04-17,10.5,3.9,15,44.1
192,柳林,2016-04-18,8.6,,10.4,43
192,柳林,2016-04-19,6.2,,9.1,46.5
192,柳林,2016-04-20,5.5,,7.9,58.8
192,柳林,2016-04-21,11.1,33.2,3.9,89
192,柳林,2016-04-22,12.5,,6.7,70.9
192,柳林,2016-04-23,11.9,,3.9,56.3
192,柳林,2016-04-24,6.9,,6.8,54.9
192,柳林,2016-04-25,6.9,,6.6,51.6
192,柳林,2016-04-26,5.7,1.2,6.7,61.4
192,柳林,2016-04-27,10.7,42.9,7,84.5
192,柳林,2016-04-28,10.5,5,5.6,77.1
192,柳林,2016-04-29,11.5,,7.6,63.3
192,柳林,2016-04-30,9,,8.9,57.5
192,柳林,2016-05-01,8,,9.8,61.5
192,柳林,2016-05-02,10.2,0,8.9,74.8
192,柳林,2016-05-03,14.2,80.6,15.8,66.6
192,柳林,2016-05-04,10.5,,15,32.4
192,柳林,2016-05-05,6.1,,6.8,47.8
192,柳林,2016-05-06,14.9,3.9,5.1,85.1
192,柳林,2016-05-07,10,,7.9,50.4
192,柳林,2016-05-08,7.9,,7.5,52.1
192,柳林,2016-05-09,13.8,,4.6,54.9
192,柳林,2016-05-10,12.2,31.3,6.9,86
192,柳林,2016-05-11,12.2,.1,6.9,72.3
192,柳林,2016-05-12,11.2,,7.8,63.4
192,柳林,2016-05-13,10.9,,8.3,71.8
192,柳林,2016-05-14,9.8,,6.6,63.3
192,柳林,2016-05-15,10.6,2.9,6.8,79.9
192,柳林,2016-05-16,8,6,8.9,58.1
192,柳林,2016-05-17,4.7,,5.8,53.8
192,柳林,2016-05-18,8.3,,5.2,56.8
192,柳林,2016-05-19,10.2,,5.8,58.6
192,柳林,2016-05-20,10,,6.3,55.4
192,柳林,2016-05-21,10.7,,6.4,54
192,柳林,2016-05-22,10.2,,5.9,51.8
192,柳林,2016-05-23,10,,6,56.8
192,柳林,2016-05-24,15.4,25.6,6.5,86.5
192,柳林,2016-05-25,12.6,,5.7,68.1
192,柳林,2016-05-26,12.8,0,6.6,64.9
192,柳林,2016-05-27,17.8,0,5.8,56.8
192,柳林,2016-05-28,16.1,0,5.5,66.3
192,柳林,2016-05-29,15.3,3.5,6.1,74.1
192,柳林,2016-05-30,12.7,,7.4,58.9
192,柳林,2016-05-31,12.5,,5.2,62.4
192,柳林,2016-06-01,15.1,,7,57.4
192,柳林,2016-06-02,10.9,,7.7,56
192,柳林,2016-06-03,12.1,,6.6,54.5
192,柳林,2016-06-04,15.4,11.1,4.2,80.8
192,柳林,2016-06-05,15.1,,7.3,60.9
192,柳林,2016-06-06,17.4,1,5.1,80.3
192,柳林,2016-06-07,17.4,0,6.2,76.9
192,柳林,2016-06-08,17.9,,4.8,80
192,柳林,2016-06-09,18.1,,7.1,76.9
192,柳林,2016-06-10,17.8,,6,71.5
192,柳林,2016-06-11,18,,7.4,75.6
192,柳林,2016-06-12,20,.1,5,84.4
192,柳林,2016-06-13,20.5,,7.8,73.4
192,柳林,2016-06-14,20.1,,8.5,70.4
192,柳林,2016-06-15,18.5,0,6.9,78.6
192,柳林,2016-06-16,17.2,0,6.2,65.6
192,柳林,2016-06-17,14.5,,7.4,62.9
192,柳林,2016-06-18,16.9,6,8,70.3
192,柳林,2016-06-19,20.7,1.2,7.5,71
192,柳林,2016-06-20,20.9,5.2,5.1,84.6
192,柳林,2016-06-21,21.2,2,3.6,86
192,柳林,2016-06-22,20.6,11.8,4.1,88.3
192,柳林,2016-06-23,20.4,,7.1,71.6
192,柳林,2016-06-24,19.8,73.6,7.5,79.9
192,柳林,2016-06-25,18.1,,10.9,57.8
192,柳林,2016-06-26,16.2,,5.3,62
192,柳林,2016-06-27,16.8,.1,5,81.8
192,柳林,2016-06-28,17.7,,5.5,73
192,柳林,2016-06-29,18.4,1.7,5,78.4
192,柳林,2016-06-30,19.4,,7.5,78.3
192,柳林,2016-07-01,22.2,43.1,8.1,84.6
192,柳林,2016-07-02,22,13.9,11.4,84.6
192,柳林,2016-07-03,20.1,53.8,5.5,89.8
192,柳林,2016-07-04,20.3,.5,6,88.3
192,柳林,2016-07-05,24.5,.1,8.7,80.9
192,柳林,2016-07-06,23.8,9.3,6.8,78.6
192,柳林,2016-07-07,22.4,,6.6,78.1
192,柳林,2016-07-08,22,,6.8,74.9
192,柳林,2016-07-09,20.7,,6.4,74.1
192,柳林,2016-07-10,21.7,,5.3,76.4
192,柳林,2016-07-11,22.9,2.2,4.7,84.9
192,柳林,2016-07-12,22.6,4.2,5.8,86.8
192,柳林,2016-07-13,22.1,,5.3,80.1
192,柳林,2016-07-14,21.7,,8.6,67.1
192,柳林,2016-07-15,22.1,0,6.4,64.9
192,柳林,2016-07-16,20.5,5.5,6.2,86.4
192,柳林,2016-07-17,18.8,,5.3,73.9
192,柳林,2016-07-18,19.2,,4.7,72.6
192,柳林,2016-07-19,21.2,,5.1,74.5
192,柳林,2016-07-20,19.4,,5.1,67.8
192,柳林,2016-07-21,20,,4.5,71.8
192,柳林,2016-07-22,20.6,,6.1,75.5
192,柳林,2016-07-23,20.3,,5.3,70.5
192,柳林,2016-07-24,20.6,,7.2,74.3
192,柳林,2016-07-25,24.5,28.4,8.8,76.4
192,柳林,2016-07-26,23.4,,7.1,74.5
192,柳林,2016-07-27,25,,7.4,71.6
192,柳林,2016-07-28,26.4,,8.1,73.6
192,柳林,2016-07-29,25,,7.1,74.6
192,柳林,2016-07-30,24.4,,5.3,69.9
192,柳林,2016-07-31,23.8,0,7.7,68
192,柳林,2016-08-01,23.3,1.6,9,73.9
192,柳林,2016-08-02,22.9,10.2,7.3,78.9
192,柳林,2016-08-03,22.4,.5,4.4,78.3
192,柳林,2016-08-04,23.2,,5.4,73.6
192,柳林,2016-08-05,22.5,,5.1,69.8
192,柳林,2016-08-06,23.2,,5.4,67.5
192,柳林,2016-08-07,22.8,,6.4,69.8
192,柳林,2016-08-08,23.4,.4,10.6,73
192,柳林,2016-08-09,23.4,0,5.1,73.8
192,柳林,2016-08-10,23.5,,6.2,67
192,柳林,2016-08-11,24.4,,5.6,67.1
192,柳林,2016-08-12,24.9,,5.8,66.3
192,柳林,2016-08-13,24.6,,6.7,64.4
192,柳林,2016-08-14,23.6,,5.2,64.6
192,柳林,2016-08-15,25.1,11,6.6,76.6
192,柳林,2016-08-16,24.5,,8.3,76
192,柳林,2016-08-17,23.4,13.9,6.8,78.3
192,柳林,2016-08-18,22.5,,4.6,71.6
192,柳林,2016-08-19,21.9,,5.7,68.9
192,柳林,2016-08-20,24.1,,6.2,65
192,柳林,2016-08-21,21,,6.4,63
192,柳林,2016-08-22,22.4,.2,6.2,65.3
192,柳林,2016-08-23,23.4,1.1,5.4,73
192,柳林,2016-08-24,20.8,,6.9,59
192,柳林,2016-08-25,19,,6.9,69
192,柳林,2016-08-26,18.5,3.8,6.6,80.6
192,柳林,2016-08-27,18.4,.2,7.9,57.4
192,柳林,2016-08-28,16.8,31.8,6.9,82.9
192,柳林,2016-08-29,15,.1,8.8,61.1
192,柳林,2016-08-30,14.8,,7.7,55.1
192,柳林,2016-08-31,20.5,0,13.4,43.6
192,柳林,2016-09-01,20.7,20.8,8.5,64.3
192,柳林,2016-09-02,18.2,76.4,5,89.8
192,柳林,2016-09-03,19.1,44.1,4,88.4
192,柳林,2016-09-04,20.1,17.1,6.1,86
192,柳林,2016-09-05,21.9,.5,6.9,82.9
192,柳林,2016-09-06,21.9,0,3.6,81.4
192,柳林,2016-09-07,20.8,0,3.4,79.5
192,柳林,2016-09-08,17.4,,5.5,68.1
192,柳林,2016-09-09,18.4,,5.9,74
192,柳林,2016-09-10,19.6,1.6,4.4,78.4
192,柳林,2016-09-11,18.1,1.6,4.7,79.6
192,柳林,2016-09-12,17.4,8.5,5.6,84.9
192,柳林,2016-09-13,15.7,,6.3,74.6
192,柳林,2016-09-14,17.5,,4.7,77.3
192,柳林,2016-09-15,18,,4.9,73.9
192,柳林,2016-09-16,20.9,2.7,3.5,86.1
192,柳林,2016-09-17,18.3,174.5,7.1,90
192,柳林,2016-09-18,17.8,4.5,6.7,85.1
192,柳林,2016-09-19,18,0,10.5,62.5
192,柳林,2016-09-20,12.8,,9.1,57
192,柳林,2016-09-21,11.1,,6.3,68.4
192,柳林,2016-09-22,15.6,,4.2,75
192,柳林,2016-09-23,13.5,,6.7,74.1
192,柳林,2016-09-24,15,,4.9,73.3
192,柳林,2016-09-25,15.3,,4.6,75.8
192,柳林,2016-09-26,18.1,3.8,4.1,82.4
192,柳林,2016-09-27,20.6,,4.4,82
192,柳林,2016-09-28,19.9,16.7,4.3,90
192,柳林,2016-09-29,16.4,4,5.3,86.4
192,柳林,2016-09-30,15.8,30.7,3.4,88.5
192,柳林,2016-10-01,16.3,.5,2.9,86.6
192,柳林,2016-10-02,19.1,.5,3.6,86.4
192,柳林,2016-10-03,20.1,,7.6,83.6
192,柳林,2016-10-04,16,1.9,8,72.1
192,柳林,2016-10-05,16,82.2,15.7,81.4
192,柳林,2016-10-06,13,,5.3,68.5
192,柳林,2016-10-07,14,1.6,4.9,79.9
192,柳林,2016-10-08,14.1,26.8,6.8,85.6
192,柳林,2016-10-09,8.5,,7.8,52.8
192,柳林,2016-10-10,8.1,,5.6,69.9
192,柳林,2016-10-11,11.2,,4.4,78.4
192,柳林,2016-10-12,9.2,,5.6,69.9
192,柳林,2016-10-13,11.6,,3,79.1
192,柳林,2016-10-14,8.1,,4.9,72.1
192,柳林,2016-10-15,8.1,,5.3,75.9
192,柳林,2016-10-16,12,41.7,3.6,90.8
192,柳林,2016-10-17,14.1,,3.4,84.3
192,柳林,2016-10-18,11.7,,4.4,78.6
192,柳林,2016-10-19,11.7,,3.3,79.6
192,柳林,2016-10-20,10,,4.3,78.1
192,柳林,2016-10-21,14.5,0,5.8,70.3
192,柳林,2016-10-22,13.3,0,5,72.3
192,柳林,2016-10-23,13.1,,8.6,64.6
192,柳林,2016-10-24,11.6,,5.3,63.4
192,柳林,2016-10-25,10.9,3.5,7,82.6
192,柳林,2016-10-26,8.6,,4.8,77.6
192,柳林,2016-10-27,7.1,,6.3,70.6
192,柳林,2016-10-28,12.4,10.7,5,81.4
192,柳林,2016-10-29,8.1,,5.5,68.3
192,柳林,2016-10-30,3.7,,6.5,64.8
192,柳林,2016-10-31,3.7,.7,3.6,80.9
192,柳林,2016-11-01,.4,,8.1,50.9
192,柳林,2016-11-02,-1.8,,8,56.3
192,柳林,2016-11-03,.7,,3.5,73.1
192,柳林,2016-11-04,1.3,,5.7,69
192,柳林,2016-11-05,3.5,,6.7,77.9
192,柳林,2016-11-06,5.6,,6.4,75.6
192,柳林,2016-11-07,6,,5.6,71.9
192,柳林,2016-11-08,5,0,8.2,54.8
192,柳林,2016-11-09,-.1,,6.2,46.9
192,柳林,2016-11-10,4.1,0,6.4,64.3
192,柳林,2016-11-11,3.7,,4.6,69.5
192,柳林,2016-11-12,1.2,,5.4,72.1
192,柳林,2016-11-13,5.2,1.1,3.7,80.6
192,柳林,2016-11-14,12.8,4,6,90.4
192,柳林,2016-11-15,2.1,,7,56
192,柳林,2016-11-16,-.8,,3.3,61
192,柳林,2016-11-17,3,,4.7,61.9
192,柳林,2016-11-18,2.1,25,3.2,81.6
192,柳林,2016-11-19,11.2,.6,2.4,89
192,柳林,2016-11-20,7.4,,3.5,79.8
192,柳林,2016-11-21,6,,2.4,82.6
192,柳林,2016-11-22,5.3,,7.2,58.4
192,柳林,2016-11-23,2.1,,7.1,32.9
192,柳林,2016-11-24,-.2,,9.6,33.5
192,柳林,2016-11-25,-2.7,,4.2,50.3
192,柳林,2016-11-26,-3.3,1.8,4.6,75.5
192,柳林,2016-11-27,1.1,,7.1,73.4
192,柳林,2016-11-28,-1,,4.9,61.5
192,柳林,2016-11-29,-3.6,,5.4,56
192,柳林,2016-11-30,1.4,4.5,3.4,71
192,柳林,2016-12-01,2.6,,7.6,59.1
192,柳林,2016-12-02,-3.9,,3.3,60.9
192,柳林,2016-12-03,-4.8,,2.7,63.1
192,柳林,2016-12-04,-.9,,3.2,75.3
192,柳林,2016-12-05,-.5,,5.2,76.1
192,柳林,2016-12-06,-3.4,,8.5,40
192,柳林,2016-12-07,-5.7,,3.8,68.4
192,柳林,2016-12-08,-2.6,,5.4,70.4
192,柳林,2016-12-09,.3,,8.4,49.9
192,柳林,2016-12-10,-4.8,,5.3,45.4
192,柳林,2016-12-11,-7.2,,4.8,47.3
192,柳林,2016-12-12,-3,,3.5,54.9
192,柳林,2016-12-13,.5,,6.7,64
192,柳林,2016-12-14,-3.6,,7.5,48.1
192,柳林,2016-12-15,-6.5,,11.4,47.6
192,柳林,2016-12-16,-8.1,,7.4,35.8
192,柳林,2016-12-17,-7.6,,3.9,62.6
192,柳林,2016-12-18,-5.9,,3.3,71.6
192,柳林,2016-12-19,1.9,11,3.8,86.6
192,柳林,2016-12-20,2.8,,5.8,81.5
192,柳林,2016-12-21,1.2,45.7,4.8,87.5
192,柳林,2016-12-22,5.6,11,13.9,65.1
192,柳林,2016-12-23,2,,7.9,49.4
192,柳林,2016-12-24,-3.1,,6.1,54.3
192,柳林,2016-12-25,-3.8,,3.6,73
192,柳林,2016-12-26,4.6,15.3,4.9,86
192,柳林,2016-12-27,-2.1,1,13.1,47.8
192,柳林,2016-12-28,-6.8,,4.9,55.6
192,柳林,2016-12-29,-4.9,,8.5,47.5
192,柳林,2016-12-30,-8.8,,4.6,51.6
192,柳林,2016-12-31,-7,,5.2,65.3
192,柳林,2017-01-01,-4.5,,3.6,71.9
192,柳林,2017-01-02,-1.8,,3.1,72.8
192,柳林,2017-01-03,-2.5,,4.1,68.4
192,柳林,2017-01-04,-4.2,,2.7,71.9
192,柳林,2017-01-05,-2.6,,6.1,68.1
192,柳林,2017-01-06,-.8,,5.8,60.5
192,柳林,2017-01-07,-2.9,0,3.1,69.9
192,柳林,2017-01-08,4.1,2.9,5.6,76.4
192,柳林,2017-01-09,-2.1,,9.8,57.4
192,柳林,2017-01-10,-5.3,,8.5,55.8
192,柳林,2017-01-11,-3.1,,7.8,33
192,柳林,2017-01-12,-4.8,,9.2,55.3
192,柳林,2017-01-13,-5,,10.9,44.9
192,柳林,2017-01-14,-6.4,,10.2,34.3
192,柳林,2017-01-15,-11.5,,7.8,32.4
192,柳林,2017-01-16,-9.3,,7.5,39.8
192,柳林,2017-01-17,-8.8,,3.8,50
192,柳林,2017-01-18,-4.9,,7,49.4
192,柳林,2017-01-19,-6.4,,3.2,59.1
192,柳林,2017-01-20,-4.9,,11.8,50.1
192,柳林,2017-01-21,-9.7,,8.5,55.1
192,柳林,2017-01-22,-5.2,,9.4,42.4
192,柳林,2017-01-23,-8.1,,9.9,39.8
192,柳林,2017-01-24,-10.7,,7.9,44.1
192,柳林,2017-01-25,-11,,3.1,49
192,柳林,2017-01-26,-10.5,,5.8,45.8
192,柳林,2017-01-27,-2.7,,8.2,33.6
192,柳林,2017-01-28,-7.7,,5.3,45.1
192,柳林,2017-01-29,2.1,4.6,3.6,80.9
192,柳林,2017-01-30,-5.5,.6,10.3,47.9
192,柳林,2017-01-31,-7.9,,3.7,50.9
192,柳林,2017-02-01,-6,,10.2,34.6
192,柳林,2017-02-02,-9.3,,9,37.9
192,柳林,2017-02-03,-7.7,,4.5,48.8
192,柳林,2017-02-04,-1.9,1.7,5.1,49.1
192,柳林,2017-02-05,3.3,2.7,11.7,67.3
192,柳林,2017-02-06,-3.7,,9.8,40.9
192,柳林,2017-02-07,-4.3,,4.8,49.8
192,柳林,2017-02-08,-3.5,,6.3,45.5
192,柳林,2017-02-09,-3.7,,12.1,31.5
192,柳林,2017-02-10,-7,,12.3,35.9
192,柳林,2017-02-11,-5.4,,9.5,37.4
192,柳林,2017-02-12,-8.2,,6.9,48.9
192,柳林,2017-02-13,-8.1,,5.8,50
192,柳林,2017-02-14,-4.9,,7.9,49.5
192,柳林,2017-02-15,-6.7,,5.5,49.6
192,柳林,2017-02-16,-5.8,2.5,9.1,66.6
192,柳林,2017-02-17,3.1,.4,9.7,44.1
192,柳林,2017-02-18,-1.2,,9.9,19.6
192,柳林,2017-02-19,-6.4,,8.1,50.6
192,柳林,2017-02-20,-1.6,.4,12.6,45.3
192,柳林,2017-02-21,-5.9,,5.6,48.3
192,柳林,2017-02-22,-2.2,30.1,3.1,84.5
192,柳林,2017-02-23,-.2,,9.4,42.6
192,柳林,2017-02-24,-2.7,,8.9,31.1
192,柳林,2017-02-25,-5.4,,6.2,49.6
192,柳林,2017-02-26,-4.3,,5.9,54.5
192,柳林,2017-02-27,-2.7,,5.2,60.1
192,柳林,2017-02-28,-2.4,,5.9,55.9
192,柳林,2017-03-01,-.8,.6,7.5,61.3
192,柳林,2017-03-02,-2.7,1.3,11.1,50.6
192,柳林,2017-03-03,-5.7,,6.9,48.6
192,柳林,2017-03-04,-2.3,,7,57.8
192,柳林,2017-03-05,-1,,5.8,59.4
192,柳林,2017-03-06,.3,,11.8,32.6
192,柳林,2017-03-07,-4.7,,9.4,35.4
192,柳林,2017-03-08,-6.6,,9.2,47.5
192,柳林,2017-03-09,-4.6,,11.4,37.5
192,柳林,2017-03-10,-3.5,,7.9,42
192,柳林,2017-03-11,-3.9,,6.5,41.9
192,柳林,2017-03-12,-2.3,,6.5,49.3
192,柳林,2017-03-13,.7,,6.8,47.8
192,柳林,2017-03-14,2.5,,10.2,43.4
192,柳林,2017-03-15,-2.8,,6.9,43
192,柳林,2017-03-16,-1,,6.6,56
192,柳林,2017-03-17,-2.9,,7.4,49.5
192,柳林,2017-03-18,0,,4.8,51.3
192,柳林,2017-03-19,-1.6,,7.6,53.8
192,柳林,2017-03-20,.8,7.9,4.7,75.4
192,柳林,2017-03-21,2.4,2.3,10.2,54.4
192,柳林,2017-03-22,-1.1,,6.2,55.4
192,柳林,2017-03-23,3.6,,5.5,49.4
192,柳林,2017-03-24,2,0,5.6,61.3
192,柳林,2017-03-25,5,10.9,5.9,85.1
192,柳林,2017-03-26,3.3,.7,7.6,78.4
192,柳林,2017-03-27,-.5,,8.7,60.8
192,柳林,2017-03-28,-2.2,.6,7.5,55.6
192,柳林,2017-03-29,5.6,4.5,3.5,86.6
192,柳林,2017-03-30,4.1,,6.8,62.4
192,柳林,2017-03-31,7.2,2.6,6,69.9
192,柳林,2017-04-01,3.3,.6,7.8,78.9
192,柳林,2017-04-02,1.2,,9.5,58.8
192,柳林,2017-04-03,-.6,,7.4,45.9
192,柳林,2017-04-04,1.3,,8.3,43.5
192,柳林,2017-04-05,10.1,48.5,8.6,77.4
192,柳林,2017-04-06,13.2,15.7,9.1,86.4
192,柳林,2017-04-07,9.9,,6.5,69.5
192,柳林,2017-04-08,7.3,,5.9,62.6
192,柳林,2017-04-09,11.2,,8,56.4
192,柳林,2017-04-10,8.4,.1,8.8,45.3
192,柳林,2017-04-11,9.1,11.5,8.1,59
192,柳林,2017-04-12,6.1,,10.8,23
192,柳林,2017-04-13,2.4,,10.9,42.5
192,柳林,2017-04-14,7.6,0,11.8,49
192,柳林,2017-04-15,13,0,9.7,59.8
192,柳林,2017-04-16,8.9,,6.9,62
192,柳林,2017-04-17,10.8,16.5,6.4,88.6
192,柳林,2017-04-18,7.9,0,9.3,60.4
192,柳林,2017-04-19,7.8,,9.9,36.1
192,柳林,2017-04-20,7.4,.2,4.7,52.6
192,柳林,2017-04-21,7.5,,6,56.1
192,柳林,2017-04-22,6.9,0,6.3,68
192,柳林,2017-04-23,7.2,,6.9,63.4
192,柳林,2017-04-24,7.2,,8.5,59.9
192,柳林,2017-04-25,10.1,.1,7.3,68.1
192,柳林,2017-04-26,9.4,1.7,5.7,71.6
192,柳林,2017-04-27,7.6,,9,29.5
192,柳林,2017-04-28,2.2,,12.3,38.8
192,柳林,2017-04-29,6.2,,9.6,41
192,柳林,2017-04-30,8.2,,8.7,45.6
192,柳林,2017-05-01,10,,6.5,52.6
192,柳林,2017-05-02,6.6,,4.6,49.6
192,柳林,2017-05-03,6.8,,6.8,54.3
192,柳林,2017-05-04,8.1,.6,6.1,61
192,柳林,2017-05-05,15.5,4,4,88.3
192,柳林,2017-05-06,9.5,,7.8,41.9
192,柳林,2017-05-07,5.9,,10.6,40.6
192,柳林,2017-05-08,6.9,,5,50.3
192,柳林,2017-05-09,13.1,25.3,5.4,88
192,柳林,2017-05-10,11.9,.1,6.7,74.8
192,柳林,2017-05-11,11,,7,61.6
192,柳林,2017-05-12,14.6,9.1,5.5,85.4
192,柳林,2017-05-13,12.2,,7.7,68.8
192,柳林,2017-05-14,8.2,,8.5,42.9
192,柳林,2017-05-15,7.9,,8,49
192,柳林,2017-05-16,9.1,,5.3,60.6
192,柳林,2017-05-17,9.6,,7.3,60.5
192,柳林,2017-05-18,9.9,,6.8,58
192,柳林,2017-05-19,10.7,,8.2,53.8
192,柳林,2017-05-20,11.1,,6.6,52.6
192,柳林,2017-05-21,12,,6.6,59.8
192,柳林,2017-05-22,11,,6.9,56.6
192,柳林,2017-05-23,11.3,,7,67.6
192,柳林,2017-05-24,15.9,3.9,5.8,73.9
192,柳林,2017-05-25,14.6,,9.3,51.9
192,柳林,2017-05-26,8.6,,8.8,43.8
192,柳林,2017-05-27,8.4,,7.6,54.1
192,柳林,2017-05-28,10.5,,9.1,58
192,柳林,2017-05-29,12.6,,6.6,51.6
192,柳林,2017-05-30,13.7,,4.1,51.6
192,柳林,2017-05-31,16.2,.8,7.3,69.3
192,柳林,2017-06-01,18.9,,8.7,58.1
192,柳林,2017-06-02,11.7,,7.4,49.3
192,柳林,2017-06-03,14.9,0,7.1,47
192,柳林,2017-06-04,10.8,,6.5,46.8
192,柳林,2017-06-05,11.8,,7.7,50.5
192,柳林,2017-06-06,14.2,10.7,6.5,68.6
192,柳林,2017-06-07,16,12.6,9.6,72.3
192,柳林,2017-06-08,12.6,,7.3,54.6
192,柳林,2017-06-09,14.1,,6.7,49.6
192,柳林,2017-06-10,14.5,,7.9,63.8
192,柳林,2017-06-11,16.4,2.3,7.9,59
192,柳林,2017-06-12,14.7,,6.2,56.5
192,柳林,2017-06-13,12.8,.3,8.9,65.8
192,柳林,2017-06-14,13.6,,6.7,61.1
192,柳林,2017-06-15,13.5,,6.7,48.8
192,柳林,2017-06-16,15,,7.6,57.6
192,柳林,2017-06-17,14.6,,7.8,54.4
192,柳林,2017-06-18,14.5,,7.4,58
192,柳林,2017-06-19,15.5,,7.4,54.5
192,柳林,2017-06-20,17.4,10.3,4.5,73.3
192,柳林,2017-06-21,17.1,,8.5,66.6
192,柳林,2017-06-22,17,,7.1,62.9
192,柳林,2017-06-23,18,,7,62.9
192,柳林,2017-06-24,16.6,,6.8,64.3
192,柳林,2017-06-25,18.7,.5,6.8,71.5
192,柳林,2017-06-26,20,10.5,4.1,84.5
192,柳林,2017-06-27,19.4,0,5.2,70.1
192,柳林,2017-06-28,17.3,,6.6,66.6
192,柳林,2017-06-29,19,4.8,5.1,78.8
192,柳林,2017-06-30,20.2,0,5.5,75.9
192,柳林,2017-07-01,23.6,,7.4,74
192,柳林,2017-07-02,23.6,1.4,6.5,79.3
192,柳林,2017-07-03,25.2,.3,7.9,72.6
192,柳林,2017-07-04,24.1,1.9,8.1,80.5
192,柳林,2017-07-05,22.9,17.6,7.2,81.8
192,柳林,2017-07-06,22.7,5.2,5.5,89.6
192,柳林,2017-07-07,22.6,.3,5.9,90.4
192,柳林,2017-07-08,24.2,7.1,6.1,91.9
192,柳林,2017-07-09,23.6,,6.9,84.3
192,柳林,2017-07-10,25.7,0,7,85.8
192,柳林,2017-07-11,23.3,0,8.3,78.5
192,柳林,2017-07-12,23,,6.5,75.6
192,柳林,2017-07-13,21,,6.1,78.3
192,柳林,2017-07-14,23.3,0,7,81.9
192,柳林,2017-07-15,23.8,0,5.7,80
192,柳林,2017-07-16,25.3,,7.8,73.6
192,柳林,2017-07-17,23.1,4.8,8.1,83.1
192,柳林,2017-07-18,22.8,1.9,5.2,83.6
192,柳林,2017-07-19,22.7,,5.6,73.5
192,柳林,2017-07-20,23.2,,6.6,78.1
192,柳林,2017-07-21,24.7,,7,73.5
192,柳林,2017-07-22,25.4,,7.1,72.9
192,柳林,2017-07-23,25.5,,5.6,78.5
192,柳林,2017-07-24,25.2,.1,6.7,79.4
192,柳林,2017-07-25,24.1,17.2,6.3,87.4
192,柳林,2017-07-26,21.2,,6.7,69.9
192,柳林,2017-07-27,18.2,,5.9,64.1
192,柳林,2017-07-28,20.4,,6.5,68
192,柳林,2017-07-29,23.8,,4.1,80.9
192,柳林,2017-07-30,23.4,,4.5,78.6
192,柳林,2017-07-31,23.6,38.2,4.8,87
192,柳林,2017-08-01,23.2,,6,81.5
192,柳林,2017-08-02,23.8,,5.2,81.5
192,柳林,2017-08-03,21.8,,6.4,71.8
192,柳林,2017-08-04,23.6,,6.2,71
192,柳林,2017-08-05,23.5,,7.5,68.9
192,柳林,2017-08-06,24.2,,6.2,62.5
192,柳林,2017-08-07,25,,6.8,60.3
192,柳林,2017-08-08,21.8,0,4.4,70.5
192,柳林,2017-08-09,24.7,.2,4.6,87
192,柳林,2017-08-10,25.2,,7.1,72.4
192,柳林,2017-08-11,22.5,28.8,6.9,78.8
192,柳林,2017-08-12,21.2,0,5.2,76.3
192,柳林,2017-08-13,21.2,1.6,6,76.1
192,柳林,2017-08-14,21.2,48.5,4.9,96.6
192,柳林,2017-08-15,21.8,5.7,2.9,95.4
192,柳林,2017-08-16,23,.8,4.7,85.5
192,柳林,2017-08-17,23.2,.8,4.7,80
192,柳林,2017-08-18,23,0,6,77.4
192,柳林,2017-08-19,22.5,12.8,5,85.3
192,柳林,2017-08-20,23.2,26.2,4.8,91.3
192,柳林,2017-08-21,22.9,20.2,8,90.8
192,柳林,2017-08-22,23.1,8.1,6.7,88.8
192,柳林,2017-08-23,24.2,11.6,8.6,77.3
192,柳林,2017-08-24,26.8,.3,8.7,68.3
192,柳林,2017-08-25,21.5,.8,6.6,66.9
192,柳林,2017-08-26,16.6,,6.8,54.5
192,柳林,2017-08-27,14.8,,4.7,61.8
192,柳林,2017-08-28,18.3,,5.6,71
192,柳林,2017-08-29,20.7,0,6.9,55.6
192,柳林,2017-08-30,18.3,,6.2,45.8
192,柳林,2017-08-31,14.4,,7.2,59.8
192,柳林,2017-09-01,17.6,,6.7,50.8
192,柳林,2017-09-02,13.4,,5.8,63
192,柳林,2017-09-03,13.7,,6.5,61
192,柳林,2017-09-04,18,,6.6,69.5
192,柳林,2017-09-05,18.8,.7,4.3,76.3
192,柳林,2017-09-06,17.8,32.3,5.3,86.4
192,柳林,2017-09-07,17.9,1,2.9,81
192,柳林,2017-09-08,16.1,,4.6,73.8
192,柳林,2017-09-09,16.8,,3.6,70.8
192,柳林,2017-09-10,16.9,,6.2,68.8
192,柳林,2017-09-11,19.2,74.4,4.7,87.5
192,柳林,2017-09-12,17.2,,4.7,70.5
192,柳林,2017-09-13,12.5,,5.7,62.9
192,柳林,2017-09-14,12.6,,7.4,65.5
192,柳林,2017-09-15,14.5,,8.6,58.8
192,柳林,2017-09-16,18.3,,6.8,56.8
192,柳林,2017-09-17,17.6,,10.4,65.9
192,柳林,2017-09-18,15.5,,5,71
192,柳林,2017-09-19,14,,6.8,70.6
192,柳林,2017-09-20,13.5,,8,65.4
192,柳林,2017-09-21,10.6,,5,70
192,柳林,2017-09-22,13.7,,4.9,70
192,柳林,2017-09-23,13.9,,3.9,69.3
192,柳林,2017-09-24,13.2,,6.2,69.8
192,柳林,2017-09-25,15.3,,5.6,72.5
192,柳林,2017-09-26,17.4,,6.5,65
192,柳林,2017-09-27,17.4,8.2,5.9,81.5
192,柳林,2017-09-28,12.1,,7.1,63
192,柳林,2017-09-29,9.9,,5.4,58.3
192,柳林,2017-09-30,7.2,,7,59.3
192,柳林,2017-10-01,9.5,25.3,3.9,81.1
192,柳林,2017-10-02,17.4,37.4,5.4,79.8
192,柳林,2017-10-03,16.2,10.8,6.3,75.6
192,柳林,2017-10-04,16.1,,6.8,67
192,柳林,2017-10-05,14.4,2.9,6.1,68.6
192,柳林,2017-10-06,13.7,7.8,3.8,87.3
192,柳林,2017-10-07,13.9,0,4.2,82.4
192,柳林,2017-10-08,15.3,,5.6,75.4
192,柳林,2017-10-09,15.1,,4.4,75
192,柳林,2017-10-10,17,,3.3,78.3
192,柳林,2017-10-11,17.5,,4.9,72.8
192,柳林,2017-10-12,12.3,18.6,6.8,79.1
192,柳林,2017-10-13,8.6,,5.6,58.9
192,柳林,2017-10-14,10.6,,6.6,50.1
192,柳林,2017-10-15,11.9,2.8,5.4,75.8
192,柳林,2017-10-16,11.6,,6,66.1
192,柳林,2017-10-17,10.4,,5.8,75.4
192,柳林,2017-10-18,11.8,0,6.3,61.9
192,柳林,2017-10-19,11.4,,6.9,61.4
192,柳林,2017-10-20,9.5,,6.5,68.6
192,柳林,2017-10-21,8.9,,8,62.9
192,柳林,2017-10-22,14.6,,11.5,45.4
192,柳林,2017-10-23,11.1,,6.6,48.4
192,柳林,2017-10-24,7.3,.1,3.1,76.4
192,柳林,2017-10-25,4.3,,5.1,72.5
192,柳林,2017-10-26,5.3,,3.8,73.6
192,柳林,2017-10-27,7.1,,6,69.8
192,柳林,2017-10-28,8.3,,6.1,69.9
192,柳林,2017-10-29,7.8,,10.3,48.1
192,柳林,2017-10-30,2,,9.1,39.9
192,柳林,2017-10-31,-1.1,,4.8,58
192,柳林,2017-11-01,1,,3.7,61.9
192,柳林,2017-11-02,4.4,,3.1,74
192,柳林,2017-11-03,4.8,,6.1,65.5
192,柳林,2017-11-04,2.7,,7.7,51.5
192,柳林,2017-11-05,-.4,,3.3,67.4
192,柳林,2017-11-06,-1.1,,5.1,71
192,柳林,2017-11-07,3.7,,3.9,74.9
192,柳林,2017-11-08,10.8,,8,53.8
192,柳林,2017-11-09,1.6,,4.4,61.4
192,柳林,2017-11-10,3.8,,9.4,61.1
192,柳林,2017-11-11,1,,9.8,36.5
192,柳林,2017-11-12,-1.8,,3.5,58.9
192,柳林,2017-11-13,-.5,,5.3,68.1
192,柳林,2017-11-14,3.5,,7.1,47.9
192,柳林,2017-11-15,-.2,,7.2,49
192,柳林,2017-11-16,-2.7,,5.2,64.4
192,柳林,2017-11-17,-2.3,,3.6,60.8
192,柳林,2017-11-18,-.4,,11.4,28.3
192,柳林,2017-11-19,-1.3,,8.2,33.3
192,柳林,2017-11-20,-.8,,7.3,43.6
192,柳林,2017-11-21,-4.3,,6.1,67.6
192,柳林,2017-11-22,-.8,,8.3,60.6
192,柳林,2017-11-23,-1.9,0,9.5,47.6
192,柳林,2017-11-24,-4.5,,12,56.1
192,柳林,2017-11-25,-3.4,,7.3,70.8
192,柳林,2017-11-26,0,,8.3,69.1
192,柳林,2017-11-27,-1.7,,2.8,74.3
192,柳林,2017-11-28,.2,,6.6,77.9
192,柳林,2017-11-29,2.5,,5,55.6
192,柳林,2017-11-30,1.2,,10.7,22.1
192,柳林,2017-12-01,-4.7,,8.9,31
192,柳林,2017-12-02,-7.2,,4.1,54.5
192,柳林,2017-12-03,-5.6,,4.7,68.8
192,柳林,2017-12-04,-2.9,,9.2,53.6
192,柳林,2017-12-05,-6.4,,8.1,47.1
192,柳林,2017-12-06,-7.8,,6.3,61.1
192,柳林,2017-12-07,-5.8,0,7.5,64
192,柳林,2017-12-08,-3.6,,9.3,35
192,柳林,2017-12-09,-6.1,,11.1,57.3
192,柳林,2017-12-10,-1.9,1.2,8.9,69.4
192,柳林,2017-12-11,-3.2,,10.4,39.9
192,柳林,2017-12-12,-6,,8.2,30.8
192,柳林,2017-12-13,-10,,9.1,34.8
192,柳林,2017-12-14,-12,,3.6,36.1
192,柳林,2017-12-15,-8.6,,3.5,37.1
192,柳林,2017-12-16,-3.4,,10.2,40.8
192,柳林,2017-12-17,-6.6,,8.8,42
192,柳林,2017-12-18,-9.7,0,7.4,56.9
192,柳林,2017-12-19,-6.5,,7.9,51.6
192,柳林,2017-12-20,-9.3,,4.3,52
192,柳林,2017-12-21,-7.9,,4.1,60.1
192,柳林,2017-12-22,-9.7,,3.2,60.4
192,柳林,2017-12-23,-6.3,,4,71.4
192,柳林,2017-12-24,.2,12.8,11,67.9
192,柳林,2017-12-25,-3.7,,9.4,38.4
192,柳林,2017-12-26,-5.9,,12.7,44.1
192,柳林,2017-12-27,-8.7,,7.8,30.8
192,柳林,2017-12-28,-7.8,,4.8,52.9
192,柳林,2017-12-29,-5.8,,8.8,66.3
192,柳林,2017-12-30,-3.9,,3,75.9
192,柳林,2017-12-31,-.8,0,8.9,43
192,柳林,2018-01-01,-5.5,,8.2,47.9
192,柳林,2018-01-02,-7.5,,5.6,56.9
192,柳林,2018-01-03,-3.3,,7.8,26.5
192,柳林,2018-01-04,-2.3,,4.6,32.1
192,柳林,2018-01-05,-2.7,,8,37.9
192,柳林,2018-01-06,-6.7,,4.6,52.3
192,柳林,2018-01-07,-7,.9,2.9,61.9
192,柳林,2018-01-08,-.1,1.5,9.7,81.4
192,柳林,2018-01-09,-.6,,9.9,45
192,柳林,2018-01-10,-4.7,.5,9.4,57.3
192,柳林,2018-01-11,-10,,8.1,46.5
192,柳林,2018-01-12,-13.2,,8.5,47.5
192,柳林,2018-01-13,-12.1,,7.9,
192,柳林,2018-01-14,-8.5,,6.3,72.5
192,柳林,2018-01-15,-2.6,,6.4,65.6
192,柳林,2018-01-16,-2.4,22.9,4.4,85.6
192,柳林,2018-01-17,.7,4.1,5.4,87.4
192,柳林,2018-01-18,-1.8,,3.4,80.3
192,柳林,2018-01-19,-4.5,,4.1,68.8
192,柳林,2018-01-20,-7.2,,2.6,64.3
192,柳林,2018-01-21,-6,,5.1,61.3
192,柳林,2018-01-22,-.1,0,8.6,53.4
192,柳林,2018-01-23,-8.2,,11.2,39.4
192,柳林,2018-01-24,-9.9,,10.9,30.5
192,柳林,2018-01-25,-11.6,,8.4,22.4
192,柳林,2018-01-26,-10.8,,10.1,23.1
192,柳林,2018-01-27,-13.5,,4.8,37.1
192,柳林,2018-01-28,-3.6,,9.2,33.6
192,柳林,2018-01-29,-8.3,,9.9,34
192,柳林,2018-01-30,-11.2,,5.9,46.4
192,柳林,2018-01-31,-9.5,,4.4,55
192,柳林,2018-02-01,-8.1,,6.5,50.5
192,柳林,2018-02-02,-9.1,,5.1,40.4
192,柳林,2018-02-03,-9.7,,9.5,41.5
192,柳林,2018-02-04,-8.1,,10.6,29
192,柳林,2018-02-05,-11.7,,12.6,35.1
192,柳林,2018-02-06,-10,,10.2,30.5
192,柳林,2018-02-07,-14.3,,6.1,43.9
192,柳林,2018-02-08,-12.7,,4.8,44
192,柳林,2018-02-09,-5.2,,8,48.6
192,柳林,2018-02-10,-1.7,,9.1,43
192,柳林,2018-02-11,-5,,10.7,42.4
192,柳林,2018-02-12,-7,,10.8,46.5
192,柳林,2018-02-13,-6.7,,7.6,44
192,柳林,2018-02-14,-4.8,,10.6,60.8
192,柳林,2018-02-15,-.2,,6.4,49
192,柳林,2018-02-16,-3.2,,5.8,30.9
192,柳林,2018-02-17,-5.9,,10.3,22.3
192,柳林,2018-02-18,-4.5,,5,26.3
192,柳林,2018-02-19,-1.1,,4,39.4
192,柳林,2018-02-20,-5.4,,4.4,39.8
192,柳林,2018-02-21,-3.9,,6.5,21.1
192,柳林,2018-02-22,-8,,5.5,39.4
192,柳林,2018-02-23,-6.8,0,8.3,59.4
192,柳林,2018-02-24,-3.4,,5.5,60.4
192,柳林,2018-02-25,-.6,,3.9,61.3
192,柳林,2018-02-26,-5,,7.4,53.1
192,柳林,2018-02-27,-3.5,,7.7,61.4
192,柳林,2018-02-28,2,30.8,5.5,78.8
192,柳林,2018-03-01,-.8,,11.4,41.8
192,柳林,2018-03-02,-3.2,,5,43.3
192,柳林,2018-03-03,-1.8,,5.9,64.9
192,柳林,2018-03-04,3.8,13.1,5.6,85.9
192,柳林,2018-03-05,3.7,6,7.9,82.3
192,柳林,2018-03-06,-.4,,7,58.3
192,柳林,2018-03-07,.5,12.7,6.5,69
192,柳林,2018-03-08,2.2,38.7,9.6,78.1
192,柳林,2018-03-09,1,,6.3,68.8
192,柳林,2018-03-10,-.3,,7.5,67.1
192,柳林,2018-03-11,-1.9,,6.4,61
192,柳林,2018-03-12,-1.8,,7.8,66.3
192,柳林,2018-03-13,.6,,8,71
192,柳林,2018-03-14,4.7,,8.8,72.4
192,柳林,2018-03-15,10,43.5,4.6,91.8
192,柳林,2018-03-16,1.8,3.8,8.7,65
192,柳林,2018-03-17,-1.7,,6,60.8
192,柳林,2018-03-18,0,9.7,3.1,83.3
192,柳林,2018-03-19,5.6,40.4,7.6,89.6
192,柳林,2018-03-20,.7,1.4,11.2,54.4
192,柳林,2018-03-21,.1,9.9,7.6,81.9
192,柳林,2018-03-22,.8,,5.9,61.1
192,柳林,2018-03-23,-2.2,,6.2,60
192,柳林,2018-03-24,-.2,,6.3,59.9
192,柳林,2018-03-25,.9,,6.6,62.3
192,柳林,2018-03-26,1.3,,5.9,58.6
192,柳林,2018-03-27,2.2,,8,58.6
192,柳林,2018-03-28,3.4,,7.5,61.1
192,柳林,2018-03-29,5.9,,6.6,66.4
192,柳林,2018-03-30,7.2,,7,58.1
192,柳林,2018-03-31,4,,7.2,52.4
192,柳林,2018-04-01,6.9,,7,66
192,柳林,2018-04-02,9.6,,8.5,75.8
192,柳林,2018-04-03,11.9,,8.6,75.8
192,柳林,2018-04-04,8.9,15.7,7,86.3
192,柳林,2018-04-05,8.1,4.9,4.4,88.6
192,柳林,2018-04-06,5.4,17.1,11.7,55.3
192,柳林,2018-04-07,.8,,12.4,37.6
192,柳林,2018-04-08,-.9,0,10.4,51.5
192,柳林,2018-04-09,6.1,,8.3,53.8
192,柳林,2018-04-10,3.2,,10.2,69.6
192,柳林,2018-04-11,13.3,.2,9.1,39.1
192,柳林,2018-04-12,4.9,,6.4,39.5
192,柳林,2018-04-13,5.5,0,7.5,39
192,柳林,2018-04-14,7.1,34.8,8.8,78.3
192,柳林,2018-04-15,9,,7.4,43.8
192,柳林,2018-04-16,2.8,,8.1,58.4
192,柳林,2018-04-17,5.9,,6.4,63.6
192,柳林,2018-04-18,5,,6.8,59.3
192,柳林,2018-04-19,5,,6.6,57.9
192,柳林,2018-04-20,5.7,,6.8,53.4
192,柳林,2018-04-21,6.7,,8.1,62.6
192,柳林,2018-04-22,13.1,.4,5.8,80.5
192,柳林,2018-04-23,10.8,45.8,4.4,91.6
192,柳林,2018-04-24,10.3,8.9,6.9,80.1
192,柳林,2018-04-25,6,,7,52.8
192,柳林,2018-04-26,4.1,,6.3,61.4
192,柳林,2018-04-27,7.9,,6.9,58.3
192,柳林,2018-04-28,7.1,,7.6,70
192,柳林,2018-04-29,9.5,,7.6,65.8
192,柳林,2018-04-30,12.1,,8.1,72.1
192,柳林,2018-05-01,11.7,.2,3.2,82.5
192,柳林,2018-05-02,9.2,3.2,8.8,88.6
192,柳林,2018-05-03,8.7,,11.6,45.3
192,柳林,2018-05-04,4.3,,10.6,36.1
192,柳林,2018-05-05,5.8,,8.6,51.3
192,柳林,2018-05-06,15.4,16.2,7.5,90.8
192,柳林,2018-05-07,11.7,24.4,5.8,88.9
192,柳林,2018-05-08,10.7,,8.9,65.1
192,柳林,2018-05-09,7.2,,7.3,60
192,柳林,2018-05-10,9,,6.8,64.8
192,柳林,2018-05-11,9.7,,7.5,60.3
192,柳林,2018-05-12,13.4,7.1,6.4,78
192,柳林,2018-05-13,13.9,7.9,6.4,73.8
192,柳林,2018-05-14,10.2,,7,64.4
192,柳林,2018-05-15,12.7,.3,6,72.4
192,柳林,2018-05-16,20.1,3.3,5.7,93.4
192,柳林,2018-05-17,20.7,1.8,7.2,91.6
192,柳林,2018-05-18,14.3,1.4,6.3,83
192,柳林,2018-05-19,10.6,.5,8.1,63.6
192,柳林,2018-05-20,8.3,,8.8,53.6
192,柳林,2018-05-21,12.4,,6.6,64
192,柳林,2018-05-22,10.3,7.8,5.8,69.8
192,柳林,2018-05-23,12.6,17.4,9,60.5
192,柳林,2018-05-24,8.8,,6,56.5
192,柳林,2018-05-25,10.3,,4.6,56.3
192,柳林,2018-05-26,10.8,,6.5,58.6
192,柳林,2018-05-27,13.3,,6.5,66.3
192,柳林,2018-05-28,17.3,2.8,5.6,86.3
192,柳林,2018-05-29,17.9,0,5.8,75.8
192,柳林,2018-05-30,17.9,,6.2,76.5
192,柳林,2018-05-31,14,,6.6,60.3
192,柳林,2018-06-01,11.7,,8.8,56.6
192,柳林,2018-06-02,13.7,,6.2,57.6
192,柳林,2018-06-03,15.4,,6.8,64.8
192,柳林,2018-06-04,15.2,,7.5,63.9
192,柳林,2018-06-05,17.3,1.5,4.8,80.8
192,柳林,2018-06-06,16,,6.7,68.1
192,柳林,2018-06-07,16.3,,6.4,66.9
192,柳林,2018-06-08,16.9,,5.9,67.5
192,柳林,2018-06-09,19.2,0,7.1,59.9
192,柳林,2018-06-10,16.3,1.4,6.3,68.5
192,柳林,2018-06-11,15.4,32.3,5.3,82.8
192,柳林,2018-06-12,16.2,19.4,5.3,83
192,柳林,2018-06-13,17.5,,5.1,73.4
192,柳林,2018-06-14,15.7,,6.3,69.1
192,柳林,2018-06-15,14.7,,8.1,59.3
192,柳林,2018-06-16,13.8,,7.1,61.9
192,柳林,2018-06-17,12.7,,5.7,68.6
192,柳林,2018-06-18,16.8,,6.9,66.4
192,柳林,2018-06-19,19,8.4,5.2,80.8
192,柳林,2018-06-20,16.8,0,5.4,70.6
192,柳林,2018-06-21,16.9,,6.8,60.9
192,柳林,2018-06-22,16.3,,6.8,60.1
192,柳林,2018-06-23,18.2,0,6.8,68.4
192,柳林,2018-06-24,16.7,,6.9,62
192,柳林,2018-06-25,18.2,,5.7,65
192,柳林,2018-06-26,19.7,.3,7.8,84.4
192,柳林,2018-06-27,22.8,12,8.5,79.5
192,柳林,2018-06-28,20.2,91.9,8.6,89.5
192,柳林,2018-06-29,21.6,2.9,5.9,81.3
192,柳林,2018-06-30,19.6,37.6,5.6,91
192,柳林,2018-07-01,19.5,53.5,10.2,83.9
192,柳林,2018-07-02,22.9,57.4,7.7,84.6
192,柳林,2018-07-03,22.7,14.4,7.6,84
192,柳林,2018-07-04,20.7,0,6.5,72.9
192,柳林,2018-07-05,22.2,81.9,4.6,86.4
192,柳林,2018-07-06,19.9,4.9,5.2,83.8
192,柳林,2018-07-07,18.4,,7.6,64.3
192,柳林,2018-07-08,18.2,,6.1,68.4
192,柳林,2018-07-09,18.1,23.4,3.5,89.4
192,柳林,2018-07-10,19.9,,3.2,82
192,柳林,2018-07-11,21.8,,6,75.6
192,柳林,2018-07-12,22.3,,6.3,75.6
192,柳林,2018-07-13,23.2,,5.4,75
192,柳林,2018-07-14,23.2,,6.3,72.1
192,柳林,2018-07-15,22.7,,4.9,69.9
192,柳林,2018-07-16,22.6,,7.1,69.5
192,柳林,2018-07-17,21.8,,6,70.9
192,柳林,2018-07-18,22.8,,5.9,69.1
192,柳林,2018-07-19,22.1,,4.9,67.4
192,柳林,2018-07-20,22.5,,4.7,67
192,柳林,2018-07-21,23,,6,65.9
192,柳林,2018-07-22,24,,6,71
192,柳林,2018-07-23,24,,6.3,69.1
192,柳林,2018-07-24,23.5,,6.2,71.8
192,柳林,2018-07-25,24.1,,6.4,69
192,柳林,2018-07-26,24.8,,5.5,62.6
192,柳林,2018-07-27,25.1,.4,6.7,71.1
192,柳林,2018-07-28,25.7,,6.4,77.9
192,柳林,2018-07-29,23.4,,9,54.5
192,柳林,2018-07-30,24.5,4.9,7.6,71
192,柳林,2018-07-31,22.9,,7.5,65.1
192,柳林,2018-08-01,22.7,,6.3,62.4
192,柳林,2018-08-02,23.3,,8.7,61.9
192,柳林,2018-08-03,24.1,,7.3,67.4
192,柳林,2018-08-04,24.3,,6.7,71.6
192,柳林,2018-08-05,24.9,,6.2,60.6
192,柳林,2018-08-06,24.7,0,7.7,66.8
192,柳林,2018-08-07,25.2,.1,5.5,73.9
192,柳林,2018-08-08,23.7,3.5,7.3,77.5
192,柳林,2018-08-09,25.3,0,6.2,75.1
192,柳林,2018-08-10,24.8,1.6,6.7,81.9
192,柳林,2018-08-11,23.8,0,5.5,77.3
192,柳林,2018-08-12,23.1,.1,4.5,74.1
192,柳林,2018-08-13,24.5,,7,67.1
192,柳林,2018-08-14,22.8,,5.6,65
192,柳林,2018-08-15,22.9,.1,7,68.5
192,柳林,2018-08-16,22.7,29.7,8.9,80.9
192,柳林,2018-08-17,19.1,,7.9,60.1
192,柳林,2018-08-18,16.4,,6.7,65.4
192,柳林,2018-08-19,18.3,,6.3,68.5
192,柳林,2018-08-20,18.9,,6.1,68.5
192,柳林,2018-08-21,19.4,,7.4,65.5
192,柳林,2018-08-22,22.8,,12.8,62.4
192,柳林,2018-08-23,24.1,17.7,11.2,79.5
192,柳林,2018-08-24,24.8,5.4,11.9,66.5
192,柳林,2018-08-25,20.6,.3,4.8,79.6
192,柳林,2018-08-26,21.1,70.5,6.2,90.4
192,柳林,2018-08-27,21.1,46,5.9,92.4
192,柳林,2018-08-28,22.2,.1,7.7,81.5
192,柳林,2018-08-29,22.1,0,7.8,76.6
192,柳林,2018-08-30,24.5,6,8,79.3
192,柳林,2018-08-31,22.6,31.6,7.8,85.9
192,柳林,2018-09-01,20.6,25.6,4.5,83.1
192,柳林,2018-09-02,19.6,11.6,5.1,80.4
192,柳林,2018-09-03,20.6,58.1,5.9,87.9
192,柳林,2018-09-04,18.3,33.3,11.2,67.6
192,柳林,2018-09-05,15.2,,8.4,68.3
192,柳林,2018-09-06,17.3,,3.9,77.6
192,柳林,2018-09-07,17.9,3.7,6.8,81.5
192,柳林,2018-09-08,15,,5.4,75.4
192,柳林,2018-09-09,13,,6.4,68.8
192,柳林,2018-09-10,15.3,,8.2,62.8
192,柳林,2018-09-11,13.5,,6.9,63.3
192,柳林,2018-09-12,14.9,0,5.7,70
192,柳林,2018-09-13,18.6,10.2,4.7,84.6
192,柳林,2018-09-14,19.6,24.7,3.7,89
192,柳林,2018-09-15,20.6,5.8,3.5,90.1
192,柳林,2018-09-16,20.7,,4.1,78.4
192,柳林,2018-09-17,20.1,,3.3,75.4
192,柳林,2018-09-18,18.8,,3.9,72
192,柳林,2018-09-19,15.7,.2,3.2,78.1
192,柳林,2018-09-20,19.2,10.1,3.9,89.3
192,柳林,2018-09-21,17.7,18.3,5.1,89.8
192,柳林,2018-09-22,15.5,,3.1,81.8
192,柳林,2018-09-23,12.4,,5.9,72.9
192,柳林,2018-09-24,12.4,,4.1,75.1
192,柳林,2018-09-25,8.5,,7,65.1
192,柳林,2018-09-26,11.5,,6.9,62.8
192,柳林,2018-09-27,10.1,,6.2,64.4
192,柳林,2018-09-28,10.4,,6.6,68
192,柳林,2018-09-29,15.6,0,5.1,70.8
192,柳林,2018-09-30,16.4,,10,48
192,柳林,2018-10-01,10.5,0,9.3,54.4
192,柳林,2018-10-02,10,,4.4,67.1
192,柳林,2018-10-03,8,,7.2,67.8
192,柳林,2018-10-04,8.8,1.6,8.2,68.8
192,柳林,2018-10-05,15.8,55.5,7.2,89
192,柳林,2018-10-06,15.8,165.8,10.3,80
192,柳林,2018-10-07,12.1,,5,76
192,柳林,2018-10-08,10.3,,6.4,62.3
192,柳林,2018-10-09,10.4,,3.3,73.6
192,柳林,2018-10-10,11.2,,7.2,60
192,柳林,2018-10-11,5.5,,8.3,47.8
192,柳林,2018-10-12,3.4,,6.1,66.1
192,柳林,2018-10-13,3.6,,5.1,73.9
192,柳林,2018-10-14,6.7,,5.1,73.4
192,柳林,2018-10-15,8.2,,4.5,71.9
192,柳林,2018-10-16,7.6,,4,80
192,柳林,2018-10-17,5.6,,3.8,73.1
192,柳林,2018-10-18,4.6,,6.1,60.8
192,柳林,2018-10-19,5.4,,5.8,
192,柳林,2018-10-20,4.1,,4.8,69.6
192,柳林,2018-10-21,3.1,,3.4,68.8
192,柳林,2018-10-22,5,,3.6,75
192,柳林,2018-10-23,8.6,0,3.2,77.4
192,柳林,2018-10-24,4.7,,4.9,71.4
192,柳林,2018-10-25,4.1,,5.9,69.4
192,柳林,2018-10-26,7.6,.9,4.7,86
192,柳林,2018-10-27,4.2,,7.4,72.9
192,柳林,2018-10-28,2,.2,9.7,71
192,柳林,2018-10-29,4.9,.1,9.1,75.8
192,柳林,2018-10-30,2.2,,5.1,65
192,柳林,2018-10-31,1.7,,4.7,68.8
192,柳林,2018-11-01,-.3,,4.7,68.8
192,柳林,2018-11-02,-.1,,4.1,64.4
192,柳林,2018-11-03,.3,,4.1,65.5
192,柳林,2018-11-04,.9,,3.3,67.3
192,柳林,2018-11-05,1.8,,3.9,69.6
192,柳林,2018-11-06,3.4,,3.5,74.9
192,柳林,2018-11-07,7.5,.5,3.5,82.3
192,柳林,2018-11-08,12.1,19.5,8.5,88.6
192,柳林,2018-11-09,5.4,,9.8,62.4
192,柳林,2018-11-10,2.2,,3.8,74.8
192,柳林,2018-11-11,3,3.5,4.6,80.4
192,柳林,2018-11-12,4.8,1.5,6.1,75.4
192,柳林,2018-11-13,2.4,,5.9,77
192,柳林,2018-11-14,3.5,,4.9,75.5
192,柳林,2018-11-15,1.7,,3.7,74.9
192,柳林,2018-11-16,5,1,2.3,87
192,柳林,2018-11-17,2.2,,6.2,68.8
192,柳林,2018-11-18,.8,,3,67
192,柳林,2018-11-19,1.1,,6.9,62.6
192,柳林,2018-11-20,-.7,,6.6,60.3
192,柳林,2018-11-21,-.2,,3.7,63.4
192,柳林,2018-11-22,-.8,,10.8,42
192,柳林,2018-11-23,-3.4,,6.2,56.1
192,柳林,2018-11-24,-2.8,1.5,5.2,79.4
192,柳林,2018-11-25,1.7,,3,89
192,柳林,2018-11-26,-1.2,,3.6,77.3
192,柳林,2018-11-27,-1.2,,3.4,73.4
192,柳林,2018-11-28,-1,,7,58.1
192,柳林,2018-11-29,-2.8,,3,53.1
192,柳林,2018-11-30,-1,,4.8,67.9
192,柳林,2018-12-01,1.2,,4.6,64.8
192,柳林,2018-12-02,-.3,0,5,71.3
192,柳林,2018-12-03,11,9.5,3.1,90.9
192,柳林,2018-12-04,9.4,12,8.7,68
192,柳林,2018-12-05,3.4,,6,41.1
192,柳林,2018-12-06,4.1,2.5,6.4,69.4
192,柳林,2018-12-07,-2.9,,11.2,33.8
192,柳林,2018-12-08,-6.7,,8.3,38.8
192,柳林,2018-12-09,-5.8,,6.7,34.4
192,柳林,2018-12-10,-8.3,,5.2,42.1
192,柳林,2018-12-11,-4,1.5,3.3,78.1
192,柳林,2018-12-12,-4.8,,9,51.3
192,柳林,2018-12-13,-7.3,,7.3,54.4
192,柳林,2018-12-14,-5.7,,5.8,44.9
192,柳林,2018-12-15,-8.6,,3.9,49.4
192,柳林,2018-12-16,-4.7,1,3.2,75.6
192,柳林,2018-12-17,-.9,,8.1,72.3
192,柳林,2018-12-18,-4.4,,3.3,68.5
192,柳林,2018-12-19,-3.8,,7.4,64.6
192,柳林,2018-12-20,-.7,,5,74.9
192,柳林,2018-12-21,-2.3,,4.5,78.5
192,柳林,2018-12-22,-.5,0,5.9,74
192,柳林,2018-12-23,2.2,2.5,9.7,47.6
192,柳林,2018-12-24,-4.4,,7,46.4
192,柳林,2018-12-25,-6.4,,4.1,47.5
192,柳林,2018-12-26,1.4,,8.2,33.4
192,柳林,2018-12-27,-5.5,,9.9,16.5
192,柳林,2018-12-28,-8.8,,8.4,28.3
192,柳林,2018-12-29,-8.4,,9.6,30
192,柳林,2018-12-30,-5.5,,6.5,34.9
192,柳林,2018-12-31,-8.4,,4.3,37.1
192,柳林,2019-01-01,-7.6,,7.2,50.4
192,柳林,2019-01-02,-6.9,,7.6,48.8
192,柳林,2019-01-03,-8.9,,3.8,50
192,柳林,2019-01-04,-8.4,,3.7,45.8
192,柳林,2019-01-05,-4.8,,6.5,48
192,柳林,2019-01-06,-5.3,,3.8,38.3
192,柳林,2019-01-07,-7.9,,5.9,44
192,柳林,2019-01-08,-5.1,,8.8,44
192,柳林,2019-01-09,-3.8,,6.9,38.8
192,柳林,2019-01-10,-2.3,,9,47.4
192,柳林,2019-01-11,-4.2,0,4.2,64.1
192,柳林,2019-01-12,-1.6,4,5.9,83.6
192,柳林,2019-01-13,-3.2,,2.7,76.6
192,柳林,2019-01-14,-5.6,,4.2,65.9
192,柳林,2019-01-15,-2.8,,8.3,55.9
192,柳林,2019-01-16,-6.7,,8.3,30.1
192,柳林,2019-01-17,-8.4,,7.9,51.5
192,柳林,2019-01-18,-7.1,,3.7,56.6
192,柳林,2019-01-19,-3.2,0,5.3,61.6
192,柳林,2019-01-20,-2,0,11.1,49.4
192,柳林,2019-01-21,-7.7,,4.5,55.1
192,柳林,2019-01-22,-7.2,,5.2,62.3
192,柳林,2019-01-23,-6.9,,8.4,55.8
192,柳林,2019-01-24,-6.6,,4.2,50.9
192,柳林,2019-01-25,-5.9,,9.6,45.1
192,柳林,2019-01-26,-6.8,,9.3,27.6
192,柳林,2019-01-27,-10.1,,6.2,48.3
192,柳林,2019-01-28,-5.8,,9.8,44.9
192,柳林,2019-01-29,-7.4,,5,49.5
192,柳林,2019-01-30,-4.9,,4.2,46.5
192,柳林,2019-01-31,-4.6,9.5,8.9,71.6
192,柳林,2019-02-01,-6.2,,7.2,59.5
192,柳林,2019-02-02,-8,0,6.2,65.4
192,柳林,2019-02-03,3.2,13.5,10.7,82.5
192,柳林,2019-02-04,-1.9,,10,31.5
192,柳林,2019-02-05,-5.8,,4.1,49.1
192,柳林,2019-02-06,-3.7,,4.9,57.8
192,柳林,2019-02-07,.7,,9.4,45.9
192,柳林,2019-02-08,-1.2,,6,23.9
192,柳林,2019-02-09,-1,,12.3,28.3
192,柳林,2019-02-10,-3.1,,5.5,35.5
192,柳林,2019-02-11,-3.6,,9.2,34.4
192,柳林,2019-02-12,-7,,6.3,48
192,柳林,2019-02-13,-3,,7.9,34.1
192,柳林,2019-02-14,-1.8,,4.8,37
192,柳林,2019-02-15,-2.2,,6.2,52.3
192,柳林,2019-02-16,-2,,8.8,44.3
192,柳林,2019-02-17,-4.5,,6.4,41.1
192,柳林,2019-02-18,-4.4,0,3.5,44
192,柳林,2019-02-19,1.1,29,3.3,85.9
192,柳林,2019-02-20,-1,,9.8,58.5
192,柳林,2019-02-21,-3,,6.2,57.8
192,柳林,2019-02-22,-1.6,,2.8,64
192,柳林,2019-02-23,-3,,7.9,62.1
192,柳林,2019-02-24,-2,,6.2,65
192,柳林,2019-02-25,-1.7,,4.9,56
192,柳林,2019-02-26,-2.2,,6.7,49.4
192,柳林,2019-02-27,4.3,.5,4.4,67.8
192,柳林,2019-02-28,2.3,.5,8.5,64.6
192,柳林,2019-03-01,-1.4,,4.9,58.8
192,柳林,2019-03-02,-1,,4.9,63.4
192,柳林,2019-03-03,5.8,0,4.3,61
192,柳林,2019-03-04,4.3,,5,63.4
192,柳林,2019-03-05,-.5,,4.4,65.8
192,柳林,2019-03-06,4.9,2,4.9,80.5
192,柳林,2019-03-07,.6,,7,62.8
192,柳林,2019-03-08,-1.9,,6.1,65.8
192,柳林,2019-03-09,-2,0,8.2,69.4
192,柳林,2019-03-10,2.6,21,6.5,92.4
192,柳林,2019-03-11,.6,0,10.1,79.9
192,柳林,2019-03-12,.1,0,12,65.9
192,柳林,2019-03-13,-2.2,,12.6,38.4
192,柳林,2019-03-14,-4,,5.6,54.3
192,柳林,2019-03-15,-1.4,0,15.1,65.4
192,柳林,2019-03-16,-1.7,,6,64.8
192,柳林,2019-03-17,-1.1,,5.1,61.5
192,柳林,2019-03-18,-.9,,8.3,63.9
192,柳林,2019-03-19,1.1,,7.1,59.6
192,柳林,2019-03-20,4.3,19,9.1,81.4
192,柳林,2019-03-21,8.3,0,9.8,58.4
192,柳林,2019-03-22,5,,7.5,40.9
192,柳林,2019-03-23,1.6,0,11.2,41.8
192,柳林,2019-03-24,-3,,7.1,55.6
192,柳林,2019-03-25,-1.8,,6,64.9
192,柳林,2019-03-26,-.7,,8.1,59.8
192,柳林,2019-03-27,1.4,,10,55.5
192,柳林,2019-03-28,7.3,,7.7,68
192,柳林,2019-03-29,7.8,,7.6,77
192,柳林,2019-03-30,5.6,0,13.8,53.5
192,柳林,2019-03-31,2.6,,9.1,37.8
192,柳林,2019-04-01,-2.1,,11.6,42.1
192,柳林,2019-04-02,-1.3,,7.6,45.6
192,柳林,2019-04-03,-.5,,7.9,33
192,柳林,2019-04-04,-1.8,,9,40.3
192,柳林,2019-04-05,2.2,,8.2,48.8
192,柳林,2019-04-06,1.7,,8.7,45.5
192,柳林,2019-04-07,6,,5.2,82.4
192,柳林,2019-04-08,8.8,,5.7,67.9
192,柳林,2019-04-09,6.5,24,9.5,66.5
192,柳林,2019-04-10,5.6,10.9,6.6,79.6
192,柳林,2019-04-11,2.4,,5.2,76.5
192,柳林,2019-04-12,4,,7.2,63.9
192,柳林,2019-04-13,2.7,,7.3,58.4
192,柳林,2019-04-14,7.8,0,8.3,54.6
192,柳林,2019-04-15,1.1,,7.6,52.8
192,柳林,2019-04-16,1.9,,7.4,54.5
192,柳林,2019-04-17,9,,7.7,62.4
192,柳林,2019-04-18,5.9,,9.4,72
192,柳林,2019-04-19,9.1,,4.7,82
192,柳林,2019-04-20,5.5,,5.7,71.5
192,柳林,2019-04-21,8.1,,5.6,74.5
192,柳林,2019-04-22,10.5,,7.2,73.5
192,柳林,2019-04-23,10.6,8.3,2.8,90.1
192,柳林,2019-04-24,14.6,6,4.3,93.3
192,柳林,2019-04-25,13,11.1,4.6,95.4
192,柳林,2019-04-26,9,0,5.1,80.1
192,柳林,2019-04-27,5.4,0,6.1,71.1
192,柳林,2019-04-28,7.7,.1,6.1,76.5
192,柳林,2019-04-29,9.3,54.2,4,94
192,柳林,2019-04-30,11.6,,4.9,85
192,柳林,2019-05-01,11.8,,6.2,71
192,柳林,2019-05-02,6.4,,6.5,59
192,柳林,2019-05-03,5.5,,7.6,55.5
192,柳林,2019-05-04,6.1,,5.5,60.6
192,柳林,2019-05-05,8.7,,6.8,60.1
192,柳林,2019-05-06,7.9,,7.9,65.4
192,柳林,2019-05-07,6.9,0,7.2,58
192,柳林,2019-05-08,4.7,,5.9,59.6
192,柳林,2019-05-09,8.3,,7.1,54.9
192,柳林,2019-05-10,7.1,,5.7,56.9
192,柳林,2019-05-11,8.3,,6.3,55.8
192,柳林,2019-05-12,10,,6.3,55.3
192,柳林,2019-05-13,8.3,,6,65.5
192,柳林,2019-05-14,16.3,0,6.8,72
192,柳林,2019-05-15,14.3,,7,70.3
192,柳林,2019-05-16,13.4,,6.4,64.8
192,柳林,2019-05-17,12.6,4.7,7.6,67.5
192,柳林,2019-05-18,16.2,44.2,5.1,93.6
192,柳林,2019-05-19,16.7,15.7,5.1,95
192,柳林,2019-05-20,10.6,.4,8.4,67.8
192,柳林,2019-05-21,6.3,,7.3,46.9
192,柳林,2019-05-22,8.3,,7.6,57
192,柳林,2019-05-23,11.3,,6.8,61.3
192,柳林,2019-05-24,11.1,,7.2,64.8
192,柳林,2019-05-25,13.8,,4.6,62.4
192,柳林,2019-05-26,15.6,.1,7.7,66.9
192,柳林,2019-05-27,17.1,66,12,90.5
192,柳林,2019-05-28,11.7,,8,50.8
192,柳林,2019-05-29,9.6,,7.3,54.1
192,柳林,2019-05-30,9.3,0,7.8,54.4
192,柳林,2019-05-31,13.6,1.2,7.2,76.3
192,柳林,2019-06-01,11.8,,5.2,67.3
192,柳林,2019-06-02,13.1,,5.4,65.8
192,柳林,2019-06-03,12.8,,6.2,64.9
192,柳林,2019-06-04,14,,7.3,71.4
192,柳林,2019-06-05,17,,6.2,65.9
192,柳林,2019-06-06,16.4,21.4,6.4,82.1
192,柳林,2019-06-07,16.6,15.8,4.5,89.3
192,柳林,2019-06-08,16.2,.2,5.5,79.3
192,柳林,2019-06-09,16.2,,5.8,71.8
192,柳林,2019-06-10,15.8,.3,4.9,72.4
192,柳林,2019-06-11,15.5,1.9,5.7,75.9
192,柳林,2019-06-12,15.1,,7.6,71.8
192,柳林,2019-06-13,16.7,,6.7,72.3
192,柳林,2019-06-14,15.8,2.7,4.2,82.9
192,柳林,2019-06-15,15.3,0,8.5,67.6
192,柳林,2019-06-16,13.8,,6.8,70.8
192,柳林,2019-06-17,18.1,,7,73.9
192,柳林,2019-06-18,17,,5.1,76
192,柳林,2019-06-19,17.2,0,6,77.6
192,柳林,2019-06-20,18.3,,5.5,72.3
192,柳林,2019-06-21,18.7,,6,69.9
192,柳林,2019-06-22,20,.5,5.9,75.4
192,柳林,2019-06-23,17.7,6.3,6.9,71.9
192,柳林,2019-06-24,17.1,,7,76.3
192,柳林,2019-06-25,17.5,,6.1,71.9
192,柳林,2019-06-26,16.2,93.7,3.2,93.4
192,柳林,2019-06-27,19.7,40,5.1,88.5
192,柳林,2019-06-28,21.1,,6.4,81.5
192,柳林,2019-06-29,20.1,60.9,3.3,94.5
192,柳林,2019-06-30,19.7,,5.3,86.1
192,柳林,2019-07-01,20.8,.3,3.9,87.1
192,柳林,2019-07-02,18.8,,6.2,78
192,柳林,2019-07-03,18.6,,4.2,81.9
192,柳林,2019-07-04,18.9,,6.8,72.3
192,柳林,2019-07-05,19.1,,4.7,74.6
192,柳林,2019-07-06,17.3,,7.9,63.4
192,柳林,2019-07-07,18.1,,7.7,69
192,柳林,2019-07-08,17.7,0,6.7,65.6
192,柳林,2019-07-09,19.6,,5.8,67.1
192,柳林,2019-07-10,19.2,27,5.1,87.1
192,柳林,2019-07-11,20.3,.1,8.4,80.5
192,柳林,2019-07-12,18.7,,4.8,73.4
192,柳林,2019-07-13,19.6,.9,5.7,87.6
192,柳林,2019-07-14,19.2,.6,6.6,80.3
192,柳林,2019-07-15,20.7,5.1,4.9,79.1
192,柳林,2019-07-16,19.2,4.8,6.8,81.1
192,柳林,2019-07-17,19.2,2,5.8,78
192,柳林,2019-07-18,20.7,24.8,6.5,91.3
192,柳林,2019-07-19,22.3,30.7,7,94.5
192,柳林,2019-07-20,23.1,113.1,11.1,93.9
192,柳林,2019-07-21,23.2,24,8.5,87.3
192,柳林,2019-07-22,22.7,,5.3,85.1
192,柳林,2019-07-23,23.7,,7.1,82.5
192,柳林,2019-07-24,24.7,,5.2,86.3
192,柳林,2019-07-25,25,0,5.6,88.6
192,柳林,2019-07-26,25.2,0,6.1,87.3
192,柳林,2019-07-27,25.1,.6,4,90.1
192,柳林,2019-07-28,24.9,,9.3,82.6
192,柳林,2019-07-29,23.6,,7,81
192,柳林,2019-07-30,25.6,,8.6,80.4
192,柳林,2019-07-31,26,,7.4,79.3
192,柳林,2019-08-01,23.7,,6.1,78.6
192,柳林,2019-08-02,24,,4.9,77.8
192,柳林,2019-08-03,23.7,,5.9,79.1
192,柳林,2019-08-04,23.7,,5.6,73.3
192,柳林,2019-08-05,23.4,,4.1,75.4
192,柳林,2019-08-06,23.3,7.3,6.8,78.8
192,柳林,2019-08-07,23.7,0,6.8,80.6
192,柳林,2019-08-08,24,,6,77.5
192,柳林,2019-08-09,23.5,,3.8,76.9
192,柳林,2019-08-10,23.7,,7.9,75.4
192,柳林,2019-08-11,23.5,,9.3,75.5
192,柳林,2019-08-12,24.7,.2,7.8,79.5
192,柳林,2019-08-13,24.4,2.2,5.8,81.1
192,柳林,2019-08-14,24.2,.6,8.8,71.8
192,柳林,2019-08-15,25.2,.3,8,75.6
192,柳林,2019-08-16,23.1,,9.2,71.4
192,柳林,2019-08-17,20.5,,7,73.8
192,柳林,2019-08-18,21.6,,8.1,70.3
192,柳林,2019-08-19,19.5,,4.2,74.6
192,柳林,2019-08-20,22.1,.2,6.8,72
192,柳林,2019-08-21,24.2,13.3,3,82.8
192,柳林,2019-08-22,23.8,29.8,7.7,87
192,柳林,2019-08-23,21,0,4.4,82.1
192,柳林,2019-08-24,17,,4,74.4
192,柳林,2019-08-25,18.7,.3,3,84.9
192,柳林,2019-08-26,18.1,,5.3,77.5
192,柳林,2019-08-27,21.2,10.7,3.1,92.8
192,柳林,2019-08-28,21.9,.3,3.3,88.8
192,柳林,2019-08-29,19.6,.2,6.1,89.8
192,柳林,2019-08-30,17.6,,3.7,74.6
192,柳林,2019-08-31,15.8,,3.8,77.1
192,柳林,2019-09-01,18.7,2.3,2.7,87.8
192,柳林,2019-09-02,19.3,24.9,2.4,94.6
192,柳林,2019-09-03,20.1,95.9,3,94.5
192,柳林,2019-09-04,22.1,11.5,4.2,94.6
192,柳林,2019-09-05,22.7,7,5.5,88.3
192,柳林,2019-09-06,22,1.8,8.3,85.8
192,柳林,2019-09-07,23.2,27,16.2,85.1
192,柳林,2019-09-08,21.5,.2,4,85.8
192,柳林,2019-09-09,23.2,.7,6.8,85.6
192,柳林,2019-09-10,23.4,.2,5.2,82
192,柳林,2019-09-11,22,1.8,6.5,83.8
192,柳林,2019-09-12,18.6,.5,5.6,88
192,柳林,2019-09-13,17.2,,5.1,75.4
192,柳林,2019-09-14,15,,5.7,77.5
192,柳林,2019-09-15,20.1,,4.9,77.6
192,柳林,2019-09-16,18.5,,5.5,71.6
192,柳林,2019-09-17,14.1,,6.6,69.4
192,柳林,2019-09-18,14.5,,5.9,67.4
192,柳林,2019-09-19,14,,6.7,72.3
192,柳林,2019-09-20,13,,6.9,72.1
192,柳林,2019-09-21,16.7,74.5,7.3,93.5
192,柳林,2019-09-22,16.6,99.2,12.5,88.4
192,柳林,2019-09-23,16.6,.1,11.2,86.6
192,柳林,2019-09-24,13.3,,4.9,79.6
192,柳林,2019-09-25,11.1,,6,80.4
192,柳林,2019-09-26,14.4,,4.9,81.6
192,柳林,2019-09-27,17.5,3.4,3.9,84.6
192,柳林,2019-09-28,20.7,1.2,3.3,91.1
192,柳林,2019-09-29,20.7,,5,86
192,柳林,2019-09-30,20.7,0,4.4,84.8
192,柳林,2019-10-01,20.2,16.5,4.1,95.6
192,柳林,2019-10-02,19.8,139.6,14.3,94.1
192,柳林,2019-10-03,18.6,4.1,14.1,80.6
192,柳林,2019-10-04,16.7,,5.6,83.4
192,柳林,2019-10-05,18.8,,5.9,78.4
192,柳林,2019-10-06,13.8,,5.4,70.6
192,柳林,2019-10-07,14.5,7.4,2.9,90.1
192,柳林,2019-10-08,10.1,,6.5,71.6
192,柳林,2019-10-09,5.3,,5.9,70
192,柳林,2019-10-10,6.9,,3.1,73
192,柳林,2019-10-11,11.5,,5,63.6
192,柳林,2019-10-12,15.9,,8.7,54.1
192,柳林,2019-10-13,11,,7.8,61.4
192,柳林,2019-10-14,8.3,,5.2,75.4
192,柳林,2019-10-15,11.4,,5.3,75.6
192,柳林,2019-10-16,8.4,,5,76.4
192,柳林,2019-10-17,8.8,,4.7,80.8
192,柳林,2019-10-18,10.3,9.8,5.6,87.4
192,柳林,2019-10-19,13.8,,4.2,80.9
192,柳林,2019-10-20,10.5,,5.4,80.1
192,柳林,2019-10-21,8.3,,7.2,78.6
192,柳林,2019-10-22,9.3,,5.8,80.4
192,柳林,2019-10-23,11.8,0,4.5,80.3
192,柳林,2019-10-24,12.7,,6.9,69.8
192,柳林,2019-10-25,11.9,,5,78.6
192,柳林,2019-10-26,7.6,,5.8,64.1
192,柳林,2019-10-27,3.7,,4.2,74.5
192,柳林,2019-10-28,2.4,,7,74.4
192,柳林,2019-10-29,5.9,,10.3,72.4
192,柳林,2019-10-30,3.7,,3.3,77.4
192,柳林,2019-10-31,3,,2.9,77.3
192,柳林,2019-11-01,4.7,,3,79.4
192,柳林,2019-11-02,6.9,,2.4,84.3
192,柳林,2019-11-03,9.1,,4.8,80.5
192,柳林,2019-11-04,7.5,,4.7,81.1
192,柳林,2019-11-05,6.8,,3.4,79.5
192,柳林,2019-11-06,3.6,,4.1,75.9
192,柳林,2019-11-07,5.5,,5.5,72.9
192,柳林,2019-11-08,2.2,,2.9,71.5
192,柳林,2019-11-09,-.6,,3.5,69.5
192,柳林,2019-11-10,.6,8.1,11,76.6
192,柳林,2019-11-11,6.3,0,7.5,68.4
192,柳林,2019-11-12,2.5,,4.1,77.9
192,柳林,2019-11-13,2.4,0,9.2,68.8
192,柳林,2019-11-14,-1.5,,8.9,47.9
192,柳林,2019-11-15,-3.3,,7.2,66.9
192,柳林,2019-11-16,3.3,,6.3,80.4
192,柳林,2019-11-17,6.5,.5,2.6,93.4
192,柳林,2019-11-18,4.9,12.8,9.5,64.1
192,柳林,2019-11-19,.6,,10.5,63
192,柳林,2019-11-20,-1.7,,6.5,55.9
192,柳林,2019-11-21,-3.5,,5.3,57
192,柳林,2019-11-22,.9,,4.9,71.9
192,柳林,2019-11-23,2.7,,4.7,80
192,柳林,2019-11-24,9.8,.1,7.1,84.3
192,柳林,2019-11-25,8.3,,9.5,56.8
192,柳林,2019-11-26,5.8,,6.1,69.1
192,柳林,2019-11-27,5.1,,5.6,65.3
192,柳林,2019-11-28,1.3,,6.1,69.4
192,柳林,2019-11-29,-1.7,,5.6,60.9
192,柳林,2019-11-30,-3.3,,5.6,59.1
192,柳林,2019-12-01,5.4,26.7,5,91.5
192,柳林,2019-12-02,2,,8.8,54.6
192,柳林,2019-12-03,-3.3,,5,74.9
192,柳林,2019-12-04,-3.1,,5.3,71
192,柳林,2019-12-05,-2.6,,8.8,56.5
192,柳林,2019-12-06,-6.6,,6.6,44.5
192,柳林,2019-12-07,-9.7,,5.6,60.9
192,柳林,2019-12-08,-4.6,,2.8,73.3
192,柳林,2019-12-09,-6.2,,3.9,71.1
192,柳林,2019-12-10,-2.3,,6.4,79.8
192,柳林,2019-12-11,.9,,10.1,67.4
192,柳林,2019-12-12,-3.2,,6,45.1
192,柳林,2019-12-13,-6,,4,63.4
192,柳林,2019-12-14,-2.8,,7.6,59.6
192,柳林,2019-12-15,-3,,4.3,69
192,柳林,2019-12-16,-1,,2.4,80.6
192,柳林,2019-12-17,.2,0,6.2,83.3
192,柳林,2019-12-18,2.1,,3.9,57.8
192,柳林,2019-12-19,-1.6,,8.1,47.1
192,柳林,2019-12-20,-3.6,,5.8,58.9
192,柳林,2019-12-21,-4.4,,2.4,71.4
192,柳林,2019-12-22,-3.8,,6.4,72.9
192,柳林,2019-12-23,-3.6,,5.5,73.3
192,柳林,2019-12-24,-3,,4,70.9
192,柳林,2019-12-25,-4.6,,3,61.3
192,柳林,2019-12-26,1.5,1.2,8.7,72
192,柳林,2019-12-27,-3.6,,12.6,45.1
192,柳林,2019-12-28,-7.1,,4.4,65
192,柳林,2019-12-29,-4.9,13,2.1,78.6
192,柳林,2019-12-30,2.7,.6,3.5,84.1
192,柳林,2019-12-31,-6.4,,11.1,35.3
192,柳林,2020-01-01,-8.2,,3.6,56.1
192,柳林,2020-01-02,-6.4,,3.9,74
192,柳林,2020-01-03,-5.9,,3.4,71.9
192,柳林,2020-01-04,-5.8,,7.1,67.4
192,柳林,2020-01-05,-6.5,,3.7,61.6
192,柳林,2020-01-06,-2.4,13.8,2.5,85.3
192,柳林,2020-01-07,4.5,40.3,12.4,93.6
192,柳林,2020-01-08,3.2,,14.1,66.4
192,柳林,2020-01-09,-1.9,,6,63.9
192,柳林,2020-01-10,-5,,3.2,70.6
192,柳林,2020-01-11,-4.2,,3.8,66.4
192,柳林,2020-01-12,-3.1,,7.1,60.5
192,柳林,2020-01-13,-5.5,,5.5,68.8
192,柳林,2020-01-14,-4,,5,58.9
192,柳林,2020-01-15,-6.6,,4.6,63.9
192,柳林,2020-01-16,-5,,4.3,52.8
192,柳林,2020-01-17,-3.5,,3.4,51.1
192,柳林,2020-01-18,-5.4,,5.1,51.6
192,柳林,2020-01-19,-4.5,,5.8,65.9
192,柳林,2020-01-20,-5.6,,7.2,66.9
192,柳林,2020-01-21,-7,,4.7,53
192,柳林,2020-01-22,0,20.1,3,76
192,柳林,2020-01-23,4.4,7.9,3.4,93.4
192,柳林,2020-01-24,.6,,4.5,77.4
192,柳林,2020-01-25,2.2,,4.8,82.4
192,柳林,2020-01-26,1.1,,6.8,72.4
192,柳林,2020-01-27,4.5,22.8,6.8,89.6
192,柳林,2020-01-28,5.6,.3,6.6,70.4
192,柳林,2020-01-29,4.2,.5,4.1,81.6
192,柳林,2020-01-30,-.2,,5.9,72.6
192,柳林,2020-01-31,-2.8,,5,73.1
192,柳林,2020-02-01,-4.7,,7.3,70.3
192,柳林,2020-02-02,-3.6,,5.4,74.1
192,柳林,2020-02-03,-3.8,,5.7,65
192,柳林,2020-02-04,-6.7,,4.7,60.9
192,柳林,2020-02-05,-4.2,,10,35.5
192,柳林,2020-02-06,-7.5,,7,31.5
192,柳林,2020-02-07,-4.8,,4.6,40.9
192,柳林,2020-02-08,-4,,8.5,49.3
192,柳林,2020-02-09,-6.5,,3.9,50.4
192,柳林,2020-02-10,-5.3,,4.2,64.5
192,柳林,2020-02-11,-4.5,,5.9,62.9
192,柳林,2020-02-12,6,20.8,5.2,93.9
192,柳林,2020-02-13,3.6,,5.8,85.1
192,柳林,2020-02-14,3.7,,4.9,73.6
192,柳林,2020-02-15,2.4,.5,4.6,76.4
192,柳林,2020-02-16,-.7,4,11.7,64
192,柳林,2020-02-17,-2.5,,12.7,51.1
192,柳林,2020-02-18,-6.9,,8.1,48.3
192,柳林,2020-02-19,-5.5,,4.5,54.9
192,柳林,2020-02-20,-2.3,,4.7,58.9
192,柳林,2020-02-21,-2.5,1.3,7.6,70.4
192,柳林,2020-02-22,1.1,.5,12.9,52.9
192,柳林,2020-02-23,-4,,5.6,59.1
192,柳林,2020-02-24,-3.8,.6,7.8,66
192,柳林,2020-02-25,7.6,17.1,4.5,94.5
192,柳林,2020-02-26,4,,4.8,79.1
192,柳林,2020-02-27,4.3,,6.3,67.6
192,柳林,2020-02-28,3.5,1.3,2.8,84.5
192,柳林,2020-02-29,2,,4.7,83.1
192,柳林,2020-03-01,1.7,0,6.3,74.1
192,柳林,2020-03-02,1.7,,8.1,43.6
192,柳林,2020-03-03,.8,,5.5,67.6
192,柳林,2020-03-04,1.3,0,11.4,52
192,柳林,2020-03-05,-3.3,,6.9,46.8
192,柳林,2020-03-06,-4.7,,5,57.5
192,柳林,2020-03-07,.1,3.9,4.5,86.6
192,柳林,2020-03-08,-.7,,6,75.1
192,柳林,2020-03-09,.5,7.4,3.8,85
192,柳林,2020-03-10,3.5,10.3,8.5,79.3
192,柳林,2020-03-11,-2.3,,10.1,56.6
192,柳林,2020-03-12,-3.5,,8,56.8
192,柳林,2020-03-13,.8,,5.7,52.6
192,柳林,2020-03-14,2.7,,10,24.1
192,柳林,2020-03-15,-1.9,0,16.3,46.1
192,柳林,2020-03-16,-2.5,,7.3,42.8
192,柳林,2020-03-17,-1.5,,10.1,54.4
192,柳林,2020-03-18,0,,6.9,58.8
192,柳林,2020-03-19,5.3,,15.8,50.1
192,柳林,2020-03-20,2.8,,12.5,36.6
192,柳林,2020-03-21,1.6,,8.3,62.3
192,柳林,2020-03-22,7.4,,8.1,75.1
192,柳林,2020-03-23,.8,,9.1,46.6
192,柳林,2020-03-24,1.7,,8.1,56.8
192,柳林,2020-03-25,1.3,,7.2,58.9
192,柳林,2020-03-26,8,18.6,2.9,88.8
192,柳林,2020-03-27,9.6,.9,6.2,79.6
192,柳林,2020-03-28,5.5,,5.7,59.3
192,柳林,2020-03-29,.4,,6.3,65.8
192,柳林,2020-03-30,6.3,,6.8,64.3
192,柳林,2020-03-31,2.9,,6.2,65.9
192,柳林,2020-04-01,8.3,.4,10.4,46.8
192,柳林,2020-04-02,1,,6.8,44.6
192,柳林,2020-04-03,1.2,,7.4,47.9
192,柳林,2020-04-04,.7,,9.5,42.1
192,柳林,2020-04-05,-1.4,,6.7,43.8
192,柳林,2020-04-06,-1.5,,5.6,51.1
192,柳林,2020-04-07,3.5,,7.3,51.3
192,柳林,2020-04-08,3.3,,8.2,37.3
192,柳林,2020-04-09,.5,,7.2,42
192,柳林,2020-04-10,7.4,0,3.3,65.8
192,柳林,2020-04-11,6.4,4.2,4.8,79.3
192,柳林,2020-04-12,6.5,4.4,8.7,73
192,柳林,2020-04-13,3.5,,9,49.6
192,柳林,2020-04-14,-.3,,4.2,54.8
192,柳林,2020-04-15,3.4,,6,54.9
192,柳林,2020-04-16,2.2,,5.5,68.1
192,柳林,2020-04-17,8,28.9,3.7,90.8
192,柳林,2020-04-18,7.4,,6.3,70.3
192,柳林,2020-04-19,8.8,30,5.2,90.3
192,柳林,2020-04-20,7,,12.5,68.5
192,柳林,2020-04-21,6.3,,15.6,36.9
192,柳林,2020-04-22,1.2,,12.8,40.6
192,柳林,2020-04-23,-.6,,12.2,51
192,柳林,2020-04-24,-.5,,12.9,42.3
192,柳林,2020-04-25,4,,13.8,58.8
192,柳林,2020-04-26,4.8,,7.2,52.4
192,柳林,2020-04-27,4,,5.5,50.8
192,柳林,2020-04-28,2.2,,5.5,54.3
192,柳林,2020-04-29,3.6,,6.6,51.4
192,柳林,2020-04-30,4.5,,8.9,68
192,柳林,2020-05-01,16.8,,8.1,74.1
192,柳林,2020-05-02,13.8,1.3,6,81.5
192,柳林,2020-05-03,15.1,29.5,3.9,94.9
192,柳林,2020-05-04,15.1,,5.4,81
192,柳林,2020-05-05,15.3,,4.7,81.1
192,柳林,2020-05-06,12,,7.5,63.5
192,柳林,2020-05-07,8.5,,8,53.5
192,柳林,2020-05-08,5.5,0,7.1,66.6
192,柳林,2020-05-09,15.7,45.9,8.1,92.6
192,柳林,2020-05-10,12.1,,7.8,72.1
192,柳林,2020-05-11,9,,5.6,58.8
192,柳林,2020-05-12,13.7,,11.2,44.3
192,柳林,2020-05-13,7.3,,6.3,51.8
192,柳林,2020-05-14,8.6,,5.8,55.3
192,柳林,2020-05-15,14.1,17.8,5.5,91.9
192,柳林,2020-05-16,15.1,.8,5.2,84.8
192,柳林,2020-05-17,15.8,,6.2,82.6
192,柳林,2020-05-18,15.3,13.6,5.3,89
192,柳林,2020-05-19,9.9,0,10.2,75.5
192,柳林,2020-05-20,8,,5.1,72.3
192,柳林,2020-05-21,12.8,,6.6,75.8
192,柳林,2020-05-22,10.8,,5.5,72.9
192,柳林,2020-05-23,9.6,,4.7,72.4
192,柳林,2020-05-24,13.1,,7.2,80.3
192,柳林,2020-05-25,14.3,,3.7,74.4
192,柳林,2020-05-26,15.1,,5.3,78
192,柳林,2020-05-27,13.1,,4.8,63.3
192,柳林,2020-05-28,11.3,,7.7,66.5
192,柳林,2020-05-29,11.9,,6.2,65.5
192,柳林,2020-05-30,14.5,,5.9,61.8
192,柳林,2020-05-31,14.6,1.2,6.4,73.8
192,柳林,2020-06-01,15.9,,7,63.1
192,柳林,2020-06-02,10.9,0,7.8,56.6
192,柳林,2020-06-03,15.3,,7.4,77.3
192,柳林,2020-06-04,19.7,,6.4,76.6
192,柳林,2020-06-05,17.6,,6.3,72.3
192,柳林,2020-06-06,19.5,2.5,6.7,77.9
192,柳林,2020-06-07,17.4,,6.4,71.3
192,柳林,2020-06-08,14.1,,5.7,63.6
192,柳林,2020-06-09,14.3,,7.8,67.6
192,柳林,2020-06-10,18.3,.4,7.6,75.8
192,柳林,2020-06-11,20.7,3.2,5.8,85.9
192,柳林,2020-06-12,21.7,11.2,6.8,87.5
192,柳林,2020-06-13,20.8,39.6,4.4,91.9
192,柳林,2020-06-14,20,11.6,6.6,90.9
192,柳林,2020-06-15,17.3,,5.5,75.1
192,柳林,2020-06-16,16.7,,7,64.9
192,柳林,2020-06-17,16.1,.5,5.1,77.9
192,柳林,2020-06-18,16.6,38.5,3.9,95.9
192,柳林,2020-06-19,17.6,2.2,7.8,77.1
192,柳林,2020-06-20,18.2,,4.5,80.4
192,柳林,2020-06-21,17.7,,5.9,78.8
192,柳林,2020-06-22,15.6,,5.7,76.4
192,柳林,2020-06-23,16.3,,5.4,75.1
192,柳林,2020-06-24,19.2,26.9,5.2,92.8
192,柳林,2020-06-25,21.2,2.9,6.3,94.9
192,柳林,2020-06-26,19.1,,4.9,76.4
192,柳林,2020-06-27,19.1,,4.4,82.1
192,柳林,2020-06-28,20.1,,6.1,78.5
192,柳林,2020-06-29,19.7,92.6,6.8,92.3
192,柳林,2020-06-30,19.4,2.1,13.5,77
192,柳林,2020-07-01,18.6,,5.6,77.4
192,柳林,2020-07-02,16.5,,4,81.4
192,柳林,2020-07-03,18.1,10.4,4,91.4
192,柳林,2020-07-04,17.2,,4.2,84.5
192,柳林,2020-07-05,19.3,,4.8,83.8
192,柳林,2020-07-06,18.9,0,3.4,92.8
192,柳林,2020-07-07,21.8,,6.4,84.9
192,柳林,2020-07-08,20.8,,5.5,80.3
192,柳林,2020-07-09,18.8,2.6,5.8,90.6
192,柳林,2020-07-10,21.7,62.6,4.9,91.6
192,柳林,2020-07-11,21.7,,5,87.3
192,柳林,2020-07-12,19.3,71,4,95.1
192,柳林,2020-07-13,18.5,121.1,3.7,98.9
192,柳林,2020-07-14,18.8,7.9,4.9,96.3
192,柳林,2020-07-15,18.7,7.5,3.1,97.8
192,柳林,2020-07-16,18.2,,5.3,83.1
192,柳林,2020-07-17,18.8,,5.6,81.9
192,柳林,2020-07-18,18.7,,3.7,84.8
192,柳林,2020-07-19,20.7,6.6,6.5,94.1
192,柳林,2020-07-20,23.8,.7,7.3,88
192,柳林,2020-07-21,22,8.3,5.4,84.4
192,柳林,2020-07-22,22.1,36.1,5,95.3
192,柳林,2020-07-23,21.7,102.8,7.4,96.8
192,柳林,2020-07-24,20,9.3,6.7,92.5
192,柳林,2020-07-25,19.8,5.2,3.4,95.6
192,柳林,2020-07-26,20.2,,4.9,81.3
192,柳林,2020-07-27,19.7,41.4,3.7,94.9
192,柳林,2020-07-28,22,21.9,4.8,94.9
192,柳林,2020-07-29,23.2,23.7,4.7,95.6
192,柳林,2020-07-30,21.8,48.4,12.3,93.8
192,柳林,2020-07-31,22.4,,3.9,88.3
192,柳林,2020-08-01,23.3,,6.4,85.1
192,柳林,2020-08-02,24.5,,8.4,84.6
192,柳林,2020-08-03,24.7,,7.7,84.9
192,柳林,2020-08-04,23.2,,7.2,85.8
192,柳林,2020-08-05,24.3,26.6,7.2,90.4
192,柳林,2020-08-06,25.8,11.8,9,89.3
192,柳林,2020-08-07,23.4,90.3,6.6,95
192,柳林,2020-08-08,23.6,107.5,9.2,94.4
192,柳林,2020-08-09,24.3,1.1,9.8,84.6
192,柳林,2020-08-10,24.7,68.9,6.9,95.3
192,柳林,2020-08-11,25.5,21.9,6.4,89.8
192,柳林,2020-08-12,25.6,1.8,6.8,88.6
192,柳林,2020-08-13,24.2,,7,84.5
192,柳林,2020-08-14,26.1,,8.3,82.5
192,柳林,2020-08-15,25.3,,6.2,79.4
192,柳林,2020-08-16,23.2,,6.7,81.5
192,柳林,2020-08-17,24.5,,3.9,81.3
192,柳林,2020-08-18,23.5,,4.1,79.5
192,柳林,2020-08-19,23,,3.9,78.5
192,柳林,2020-08-20,22.6,,5.6,77.4
192,柳林,2020-08-21,23.3,,4.1,80.8
192,柳林,2020-08-22,23.7,,4.6,79.1
192,柳林,2020-08-23,22.8,,5.2,79.5
192,柳林,2020-08-24,22.7,,5.3,79.1
192,柳林,2020-08-25,22.2,0,6.7,77.8
192,柳林,2020-08-26,25.1,8.3,16.5,85
192,柳林,2020-08-27,25.5,14.6,11,88.8
192,柳林,2020-08-28,24.2,.8,6.4,90.1
192,柳林,2020-08-29,24,.9,7,86.9
192,柳林,2020-08-30,24.5,0,5,83.8
192,柳林,2020-08-31,23.6,2.2,5.5,81.9
192,柳林,2020-09-01,22.2,0,5.4,79.6
192,柳林,2020-09-02,23.8,49.9,11.5,91
192,柳林,2020-09-03,18.4,50.5,15.4,66.6
192,柳林,2020-09-04,16.6,,6.4,81.3
192,柳林,2020-09-05,17.8,7.3,4.7,92.9
192,柳林,2020-09-06,17.8,7.9,10.3,89.1
192,柳林,2020-09-07,19.3,49.9,12.9,81.1
192,柳林,2020-09-08,21.5,.5,8.2,79.9
192,柳林,2020-09-09,18.6,10.8,9.1,85.6
192,柳林,2020-09-10,19.4,10.5,6.1,82.9
192,柳林,2020-09-11,19.7,3.3,4.4,88.5
192,柳林,2020-09-12,18.7,2.4,6.1,82.4
192,柳林,2020-09-13,18.4,.4,3.2,86.8
192,柳林,2020-09-14,18.8,,5.8,83
192,柳林,2020-09-15,18.2,,5.8,80
192,柳林,2020-09-16,19.8,1.8,2.6,91.6
192,柳林,2020-09-17,18.1,3.7,3.3,92.6
192,柳林,2020-09-18,14.8,1.1,3.6,87.6
192,柳林,2020-09-19,11.3,,6.8,74.5
192,柳林,2020-09-20,10.6,,9.6,71.8
192,柳林,2020-09-21,11.1,,7.2,71.1
192,柳林,2020-09-22,13.5,,6.9,75.6
192,柳林,2020-09-23,13.1,,5.8,70.5
192,柳林,2020-09-24,15.1,0,6.9,70.8
192,柳林,2020-09-25,13.2,,7.1,74.6
192,柳林,2020-09-26,13.6,,5.3,73.8
192,柳林,2020-09-27,13.2,,6.3,75.5
192,柳林,2020-09-28,10,,5.6,76
192,柳林,2020-09-29,10,,6.1,78.1
192,柳林,2020-09-30,12.6,,5.3,72.8
192,柳林,2020-10-01,13.7,,5,75.4
192,柳林,2020-10-02,13.8,,6.9,82.1
192,柳林,2020-10-03,17.3,0,3.8,77.4
192,柳林,2020-10-04,16,.2,5.8,82.8
192,柳林,2020-10-05,10.6,,10.7,52.1
192,柳林,2020-10-06,7.9,,5.8,62.1
192,柳林,2020-10-07,10.8,,6.8,60.5
192,柳林,2020-10-08,15.1,,10.6,57
192,柳林,2020-10-09,14.5,,11.3,53.1
192,柳林,2020-10-10,13.8,,5.2,64.4
192,柳林,2020-10-11,10.8,,5.6,72.8
192,柳林,2020-10-12,12,,6,73
192,柳林,2020-10-13,8.1,,6.4,63.1
192,柳林,2020-10-14,6.4,,6.9,63.5
192,柳林,2020-10-15,8.5,,6.2,50.1
192,柳林,2020-10-16,5.9,0,2.3,73.6
192,柳林,2020-10-17,6,,4.5,71.3
192,柳林,2020-10-18,7,,3.8,72
192,柳林,2020-10-19,5.4,,5.1,69.4
192,柳林,2020-10-20,5,,5,68.9
192,柳林,2020-10-21,8.3,27.6,2.5,85
192,柳林,2020-10-22,10.9,.8,5.1,77.6
192,柳林,2020-10-23,4.8,,9.6,53.1
192,柳林,2020-10-24,2.2,,7.2,63.5
192,柳林,2020-10-25,2.4,,3.6,74
192,柳林,2020-10-26,3.9,,3.8,74
192,柳林,2020-10-27,5,,2.6,73.8
192,柳林,2020-10-28,7.5,0,4.2,80.9
192,柳林,2020-10-29,2.7,,5.4,65
192,柳林,2020-10-30,3,,5.6,69.1
192,柳林,2020-10-31,3.5,,4,75.4
192,柳林,2020-11-01,6.2,.4,3.1,82.9
192,柳林,2020-11-02,4.5,1.9,4.5,79.6
192,柳林,2020-11-03,1.9,,12.5,57
192,柳林,2020-11-04,-1.8,,5.3,64.6
192,柳林,2020-11-05,-2.5,,3.1,63.5
192,柳林,2020-11-06,6.3,0,3,74.4
192,柳林,2020-11-07,6.2,,4.1,77.9
192,柳林,2020-11-08,2.2,,8.7,51
192,柳林,2020-11-09,2.8,,10.3,42.9
192,柳林,2020-11-10,1.5,,5,56.8
192,柳林,2020-11-11,-1.3,,4.5,63.8
192,柳林,2020-11-12,.1,,2.6,72.5
192,柳林,2020-11-13,.3,,3.5,74.4
192,柳林,2020-11-14,2,,5.2,82.3
192,柳林,2020-11-15,3.1,,4,79.6
192,柳林,2020-11-16,3.4,,5.1,73.4
192,柳林,2020-11-17,11.3,0,2.9,77.3
192,柳林,2020-11-18,12.9,1.9,7.2,86.5
192,柳林,2020-11-19,12.7,20.4,10,84.3
192,柳林,2020-11-20,3.7,,7.1,71.3
192,柳林,2020-11-21,1,,7.1,70.5
192,柳林,2020-11-22,6.9,1,7.1,80.3
192,柳林,2020-11-23,.6,,7.1,59
192,柳林,2020-11-24,.2,,4.1,59.8
192,柳林,2020-11-25,.1,,6,59.6
192,柳林,2020-11-26,2.4,,4.4,62.5
192,柳林,2020-11-27,2.2,,9.9,60.3
192,柳林,2020-11-28,-1.5,,7.7,51.3
192,柳林,2020-11-29,-3,,7.6,60.9
192,柳林,2020-11-30,-1.8,,6,55.9
192,柳林,2020-12-01,-4.9,,5.8,52.4
192,柳林,2020-12-02,-2.3,,3.1,52.4
192,柳林,2020-12-03,-2.7,,8.4,54.5
192,柳林,2020-12-04,-3.1,,6.2,48
192,柳林,2020-12-05,-4.6,,5,66.9
192,柳林,2020-12-06,-3.9,,3.3,73.1
192,柳林,2020-12-07,-3.6,,2.8,77.6
192,柳林,2020-12-08,-3,,3.5,61.9
192,柳林,2020-12-09,-6,,4,63
192,柳林,2020-12-10,-1.8,,3.3,61.6
192,柳林,2020-12-11,-2.5,,2.7,73.3
192,柳林,2020-12-12,-1.8,,11.4,53.5
192,柳林,2020-12-13,-3.8,0,10,56
192,柳林,2020-12-14,-4.1,,9.2,33.8
192,柳林,2020-12-15,-6.3,,10.8,39.5
192,柳林,2020-12-16,-8.8,,9.3,51.4
192,柳林,2020-12-17,-9.8,,5.4,58.8
192,柳林,2020-12-18,-7,,7.9,59.3
192,柳林,2020-12-19,-3.8,,9.8,27.3
192,柳林,2020-12-20,-6,,7.4,47.4
192,柳林,2020-12-21,-7.4,,3.6,68.4
192,柳林,2020-12-22,-7.5,,2.7,76.3
192,柳林,2020-12-23,-6.6,,4.7,78.4
192,柳林,2020-12-24,-1.8,,7.6,58.3
192,柳林,2020-12-25,-4,,7.8,55
192,柳林,2020-12-26,-5.4,,4,65.8
192,柳林,2020-12-27,-.5,5.3,2.1,83
192,柳林,2020-12-28,.1,,2.4,94.6
192,柳林,2020-12-29,-.9,3.8,7.7,87
192,柳林,2020-12-30,-6.6,.1,12.2,49.9
192,柳林,2020-12-31,-7.4,,10.2,50.9
192,柳林,2021-01-01,-8.4,,7,65.3
192,柳林,2021-01-02,-4.6,,8.8,56.5
192,柳林,2021-01-03,-5,,7.6,40.9
192,柳林,2021-01-04,-7.7,,3.6,60.5
192,柳林,2021-01-05,-5.5,,9,51.9
192,柳林,2021-01-06,-8.1,,6,48
192,柳林,2021-01-07,-12.1,,11.5,41.6
192,柳林,2021-01-08,-15.4,,7,48
192,柳林,2021-01-09,-14.8,,5.9,52.9
192,柳林,2021-01-10,-12.9,,3.4,66.8
192,柳林,2021-01-11,-7.9,,3,69.1
192,柳林,2021-01-12,-10.4,,8.6,66.6
192,柳林,2021-01-13,-4.8,,9.5,67.4
192,柳林,2021-01-14,-4.9,,3.9,69.9
192,柳林,2021-01-15,-1.9,,9.8,74.8
192,柳林,2021-01-16,-2.1,,7.4,48.6
192,柳林,2021-01-17,-7,,9.1,38.1
192,柳林,2021-01-18,-8.3,.2,11,60.1
192,柳林,2021-01-19,-8.2,,5.7,44
192,柳林,2021-01-20,-9.7,,4.5,64
192,柳林,2021-01-21,-2.6,1.7,4.2,77.8
192,柳林,2021-01-22,5.1,1.2,2.3,97.5
192,柳林,2021-01-23,6.8,1.4,6.1,87.9
192,柳林,2021-01-24,3,0,7.9,70.4
192,柳林,2021-01-25,-1.2,,6.2,75.8
192,柳林,2021-01-26,1.5,10.3,3.8,94.5
