일자,휴일이름
2016-02-07,설날
2016-02-08,설날
2016-02-09,설날
2016-02-10,대체공휴일
2016-03-01,삼일절
2016-04-13,국회의원선거일
2016-05-05,어린이날
2016-05-14,석가탄신일
2016-06-06,현충일
2016-08-15,광복절
2016-09-14,추석
2016-09-15,추석
2016-09-16,추석
2016-10-03,개천절
2016-10-09,한글날
2016-12-25,기독탄신일
2017-01-01,신정
2017-01-27,설날
2017-01-28,설날
2017-01-29,설날
2017-01-30,대체공휴일
2017-03-01,삼일절
2017-05-03,석가탄신일
2017-05-05,어린이날
2017-05-09,대통령선거일
2017-06-06,현충일
2017-08-15,광복절
2017-10-02,임시공휴일
2017-10-03,개천절
2017-10-03,추석
2017-10-04,추석
2017-10-05,추석
2017-10-06,대체공휴일
2017-10-09,한글날
2017-12-25,기독탄신일
2018-01-01,1월1일
2018-02-15,설날
2018-02-16,설날
2018-02-17,설날
2018-03-01,삼일절
2018-05-05,어린이날
2018-05-07,대체휴무일
2018-05-22,부처님오신날
2018-06-06,현충일
2018-06-13,전국동시지방선거
2018-08-15,광복절
2018-09-23,추석
2018-09-24,추석
2018-09-25,추석
2018-09-26,대체휴무일
2018-10-03,개천절
2018-10-09,한글날
2018-12-25,기독탄신일
2019-01-01,1월1일
2019-02-04,설날
2019-02-05,설날
2019-02-06,설날
2019-03-01,삼일절
2019-05-05,어린이날
2019-05-06,대체공휴일
2019-05-12,부처님오신날
2019-06-06,현충일
2019-08-15,광복절
2019-09-12,추석
2019-09-13,추석
2019-09-14,추석
2019-10-03,개천절
2019-10-09,한글날
2019-12-25,기독탄신일
2020-01-01,1월1일
2020-01-24,설날
2020-01-25,설날
2020-01-26,설날
2020-01-27,설날
2020-03-01,삼일절
2020-04-15,제21대 국회의원선거
2020-04-30,부처님오신날
2020-05-05,어린이날
2020-06-06,현충일
2020-08-15,광복절
2020-08-17,임시공휴일
2020-09-30,추석
2020-10-01,추석
2020-10-02,추석
2020-10-03,개천절
2020-10-09,한글날
2020-12-25,기독탄신일
2021-01-01,1월1일
2021-02-11,설날
2021-02-12,설날
2021-02-13,설날
2021-03-01,삼일절
