瘤痢,瘤痢疙,老矫,乞闭扁柯(∑C),老碍荐樊(mm),乞闭 浅加(m/s),乞闭 惑措嚼档(%)
192,柳林,2016-02-01,-.6,,1.3,43.9
192,柳林,2016-02-02,-2.3,,.8,47.5
192,柳林,2016-02-03,-1.7,,.6,57.1
192,柳林,2016-02-04,-.2,,.7,53.4
192,柳林,2016-02-05,1.3,,1,44.4
192,柳林,2016-02-06,-.3,,1.7,48.3
192,柳林,2016-02-07,-1.6,,.7,50.9
192,柳林,2016-02-08,1.9,,1.7,47.6
192,柳林,2016-02-09,4.9,,2.5,26.1
192,柳林,2016-02-10,1.7,,.7,47.5
192,柳林,2016-02-11,6.1,,1,57.1
192,柳林,2016-02-12,9.2,62.8,1.1,88
192,柳林,2016-02-13,12,9.9,.8,90.5
192,柳林,2016-02-14,4.1,,2.5,53.6
192,柳林,2016-02-15,-1.5,,1.8,38.4
192,柳林,2016-02-16,.2,,1.8,59.6
192,柳林,2016-02-17,1.7,,1.1,49.8
192,柳林,2016-02-18,2.3,,1.1,61.8
192,柳林,2016-02-19,5,,.9,58.9
192,柳林,2016-02-20,6,,1.8,42.9
192,柳林,2016-02-21,2.1,,1.3,35.8
192,柳林,2016-02-22,3.4,,.7,45.5
192,柳林,2016-02-23,5.5,,1.8,39.5
192,柳林,2016-02-24,1.4,,1.6,29.9
192,柳林,2016-02-25,.8,,1.7,32.8
192,柳林,2016-02-26,1.8,,.9,61
192,柳林,2016-02-27,7.9,.7,1.6,49.8
192,柳林,2016-02-28,6.1,3,1.5,67.1
192,柳林,2016-02-29,-.2,,2.7,43.8
192,柳林,2016-03-01,-.8,,1.1,44
192,柳林,2016-03-02,3.8,,1.3,49.6
192,柳林,2016-03-03,6.7,0,1.1,61.9
192,柳林,2016-03-04,8.2,36.1,.8,88.4
192,柳林,2016-03-05,12.1,43.1,1.4,87.6
192,柳林,2016-03-06,13.7,1.3,.9,81.5
192,柳林,2016-03-07,11,,1.1,67.8
192,柳林,2016-03-08,8,3.3,1.3,65.1
192,柳林,2016-03-09,5.2,6.8,1.3,56.6
192,柳林,2016-03-10,3,,2.1,33
192,柳林,2016-03-11,2,,1.5,34.1
192,柳林,2016-03-12,2.7,,1,43.9
192,柳林,2016-03-13,4.7,,.9,51.3
192,柳林,2016-03-14,5.5,,1.4,50.5
192,柳林,2016-03-15,5.9,,1,49.1
192,柳林,2016-03-16,8.4,,1.2,53.1
192,柳林,2016-03-17,9.3,,1.1,55.3
192,柳林,2016-03-18,9.8,27.6,.5,89.3
192,柳林,2016-03-19,11.5,,1,71.5
192,柳林,2016-03-20,9.5,,1.1,68.3
192,柳林,2016-03-21,9.3,,1.1,62.5
192,柳林,2016-03-22,9.6,,1,64.5
192,柳林,2016-03-23,10.5,,1.3,52.3
192,柳林,2016-03-24,8.3,0,2,45.6
192,柳林,2016-03-25,6.8,2.8,1.2,70.8
192,柳林,2016-03-26,6.6,,1.2,56.1
192,柳林,2016-03-27,7.4,,1,53.4
192,柳林,2016-03-28,8.4,,1,49.9
192,柳林,2016-03-29,10.7,,1.8,60
192,柳林,2016-03-30,13.8,,1.3,53.6
192,柳林,2016-03-31,12,,.9,61.9
192,柳林,2016-04-01,13.6,,1.1,57.3
192,柳林,2016-04-02,13.1,,1.3,68.8
192,柳林,2016-04-03,12.2,37.8,.7,86.6
192,柳林,2016-04-04,11.2,2.6,1,81.9
192,柳林,2016-04-05,12.4,,.9,66.8
192,柳林,2016-04-06,11.8,26.1,1,64.9
192,柳林,2016-04-07,12.2,28.7,.7,82.5
192,柳林,2016-04-08,15,,1,60.3
192,柳林,2016-04-09,15,,1,55.8
192,柳林,2016-04-10,14.4,,1.3,62.9
192,柳林,2016-04-11,10.8,,1.7,66
192,柳林,2016-04-12,11.5,3.1,1.2,58.6
192,柳林,2016-04-13,13.6,37.7,.6,90.3
192,柳林,2016-04-14,17.1,,1.3,57.6
192,柳林,2016-04-15,12.9,,1.2,59.3
192,柳林,2016-04-16,13.2,77.5,1.7,78.5
192,柳林,2016-04-17,15.5,3.9,3.2,44.1
192,柳林,2016-04-18,14.4,,1.7,43
192,柳林,2016-04-19,13.5,,1.8,46.5
192,柳林,2016-04-20,13.5,,1.2,58.8
192,柳林,2016-04-21,13.8,33.2,.7,89
192,柳林,2016-04-22,17,,1.3,70.9
192,柳林,2016-04-23,15.4,,.7,56.3
192,柳林,2016-04-24,14.6,,1,54.9
192,柳林,2016-04-25,15.4,,1.1,51.6
192,柳林,2016-04-26,16.3,1.2,1.2,61.4
192,柳林,2016-04-27,11.4,42.9,1.9,84.5
192,柳林,2016-04-28,14.1,5,.9,77.1
192,柳林,2016-04-29,15,,1.3,63.3
192,柳林,2016-04-30,16.6,,1.4,57.5
192,柳林,2016-05-01,16.5,,1.5,61.5
192,柳林,2016-05-02,17.8,0,1.5,74.8
192,柳林,2016-05-03,16.6,80.6,4.4,66.6
192,柳林,2016-05-04,17.8,,4.2,32.4
192,柳林,2016-05-05,16,,1,47.8
192,柳林,2016-05-06,17.6,3.9,.9,85.1
192,柳林,2016-05-07,18.3,,1.4,50.4
192,柳林,2016-05-08,16.7,,1.4,52.1
192,柳林,2016-05-09,17.6,,.8,54.9
192,柳林,2016-05-10,14.4,31.3,1,86
192,柳林,2016-05-11,15.8,.1,1.1,72.3
192,柳林,2016-05-12,17.6,,1.5,63.4
192,柳林,2016-05-13,16.2,,1.2,71.8
192,柳林,2016-05-14,16.8,,1.3,63.3
192,柳林,2016-05-15,17.9,2.9,1.1,79.9
192,柳林,2016-05-16,15.1,6,1.8,58.1
192,柳林,2016-05-17,16.4,,1,53.8
192,柳林,2016-05-18,19.3,,1,56.8
192,柳林,2016-05-19,19,,.9,58.6
192,柳林,2016-05-20,19.3,,1,55.4
192,柳林,2016-05-21,19,,1.1,54
192,柳林,2016-05-22,19.5,,1.1,51.8
192,柳林,2016-05-23,19.8,,1.1,56.8
192,柳林,2016-05-24,18.7,25.6,1.1,86.5
192,柳林,2016-05-25,19.3,,.9,68.1
192,柳林,2016-05-26,20.6,0,.9,64.9
192,柳林,2016-05-27,22.5,0,1.1,56.8
192,柳林,2016-05-28,20.6,0,1.1,66.3
192,柳林,2016-05-29,19.9,3.5,.9,74.1
192,柳林,2016-05-30,21.5,,1.1,58.9
192,柳林,2016-05-31,21.2,,.8,62.4
192,柳林,2016-06-01,20.4,,1.4,57.4
192,柳林,2016-06-02,18.9,,1.2,56
192,柳林,2016-06-03,20.7,,1.2,54.5
192,柳林,2016-06-04,17.4,11.1,.7,80.8
192,柳林,2016-06-05,21.3,,1.8,60.9
192,柳林,2016-06-06,18.3,1,1.2,80.3
192,柳林,2016-06-07,21.1,0,1,76.9
192,柳林,2016-06-08,21.2,,.9,80
192,柳林,2016-06-09,21.7,,1.1,76.9
192,柳林,2016-06-10,22.5,,1.2,71.5
192,柳林,2016-06-11,22.7,,1.3,75.6
192,柳林,2016-06-12,22.6,.1,.8,84.4
192,柳林,2016-06-13,23.2,,1.3,73.4
192,柳林,2016-06-14,23,,1.6,70.4
192,柳林,2016-06-15,21.9,0,1.3,78.6
192,柳林,2016-06-16,23.8,0,1.4,65.6
192,柳林,2016-06-17,22.4,,1.2,62.9
192,柳林,2016-06-18,22.4,6,1.5,70.3
192,柳林,2016-06-19,24.8,1.2,1.6,71
192,柳林,2016-06-20,22.8,5.2,1,84.6
192,柳林,2016-06-21,22.6,2,.8,86
192,柳林,2016-06-22,21.5,11.8,.7,88.3
192,柳林,2016-06-23,23.7,,1.1,71.6
192,柳林,2016-06-24,22.5,73.6,1.3,79.9
192,柳林,2016-06-25,23.1,,2.5,57.8
192,柳林,2016-06-26,23.4,,1.2,62
192,柳林,2016-06-27,20.4,.1,.7,81.8
192,柳林,2016-06-28,21.3,,.9,73
192,柳林,2016-06-29,21.6,1.7,1,78.4
192,柳林,2016-06-30,23.5,,1.4,78.3
192,柳林,2016-07-01,23.9,43.1,1.4,84.6
192,柳林,2016-07-02,23.7,13.9,1.7,84.6
192,柳林,2016-07-03,21.4,53.8,.6,89.8
192,柳林,2016-07-04,23.8,.5,.6,88.3
192,柳林,2016-07-05,26.5,.1,1.8,80.9
192,柳林,2016-07-06,26.4,9.3,1.5,78.6
192,柳林,2016-07-07,25.9,,1,78.1
192,柳林,2016-07-08,25.5,,1.3,74.9
192,柳林,2016-07-09,25.6,,1,74.1
192,柳林,2016-07-10,26.2,,.9,76.4
192,柳林,2016-07-11,24.4,2.2,.8,84.9
192,柳林,2016-07-12,24.2,4.2,1,86.8
192,柳林,2016-07-13,25.8,,.9,80.1
192,柳林,2016-07-14,26.7,,1.3,67.1
192,柳林,2016-07-15,25,0,1.3,64.9
192,柳林,2016-07-16,22.1,5.5,.7,86.4
192,柳林,2016-07-17,24.4,,1.2,73.9
192,柳林,2016-07-18,24.3,,.9,72.6
192,柳林,2016-07-19,24.7,,.9,74.5
192,柳林,2016-07-20,24.5,,.9,67.8
192,柳林,2016-07-21,24.3,,1,71.8
192,柳林,2016-07-22,24,,.8,75.5
192,柳林,2016-07-23,25.2,,1.1,70.5
192,柳林,2016-07-24,27,,1.2,74.3
192,柳林,2016-07-25,28,28.4,1.2,76.4
192,柳林,2016-07-26,28,,1.4,74.5
192,柳林,2016-07-27,28.6,,1.5,71.6
192,柳林,2016-07-28,28.7,,1.6,73.6
192,柳林,2016-07-29,28.6,,1.4,74.6
192,柳林,2016-07-30,29.1,,1.2,69.9
192,柳林,2016-07-31,28.4,0,1.2,68
192,柳林,2016-08-01,26.8,1.6,1,73.9
192,柳林,2016-08-02,25.9,10.2,1,78.9
192,柳林,2016-08-03,26.1,.5,.9,78.3
192,柳林,2016-08-04,27.1,,1.2,73.6
192,柳林,2016-08-05,27.7,,1.2,69.8
192,柳林,2016-08-06,28.3,,1,67.5
192,柳林,2016-08-07,28.2,,1.1,69.8
192,柳林,2016-08-08,27.5,.4,1,73
192,柳林,2016-08-09,27.4,0,1,73.8
192,柳林,2016-08-10,29.1,,1.1,67
192,柳林,2016-08-11,29.9,,1,67.1
192,柳林,2016-08-12,30.5,,1.1,66.3
192,柳林,2016-08-13,29.9,,1,64.4
192,柳林,2016-08-14,29.8,,.9,64.6
192,柳林,2016-08-15,27.7,11,.8,76.6
192,柳林,2016-08-16,27.1,,.8,76
192,柳林,2016-08-17,26.8,13.9,.9,78.3
192,柳林,2016-08-18,27.2,,1,71.6
192,柳林,2016-08-19,27.5,,.9,68.9
192,柳林,2016-08-20,28,,1.3,65
192,柳林,2016-08-21,28,,1.3,63
192,柳林,2016-08-22,28.4,.2,1.2,65.3
192,柳林,2016-08-23,26.8,1.1,.9,73
192,柳林,2016-08-24,26.9,,1.3,59
192,柳林,2016-08-25,26.6,,1,69
192,柳林,2016-08-26,22.1,3.8,1.1,80.6
192,柳林,2016-08-27,22.9,.2,1.6,57.4
192,柳林,2016-08-28,18.7,31.8,1.4,82.9
192,柳林,2016-08-29,21.1,.1,1.8,61.1
192,柳林,2016-08-30,22,,2.1,55.1
192,柳林,2016-08-31,24.8,0,4.3,43.6
192,柳林,2016-09-01,25,20.8,1.8,64.3
192,柳林,2016-09-02,19.2,76.4,.8,89.8
192,柳林,2016-09-03,21.8,44.1,.7,88.4
192,柳林,2016-09-04,23.6,17.1,.9,86
192,柳林,2016-09-05,24.9,.5,.6,82.9
192,柳林,2016-09-06,24.2,0,.7,81.4
192,柳林,2016-09-07,23.6,0,.6,79.5
192,柳林,2016-09-08,23.3,,.8,68.1
192,柳林,2016-09-09,23.1,,.8,74
192,柳林,2016-09-10,22.9,1.6,.8,78.4
192,柳林,2016-09-11,22.2,1.6,.7,79.6
192,柳林,2016-09-12,20.3,8.5,.7,84.9
192,柳林,2016-09-13,21.8,,.9,74.6
192,柳林,2016-09-14,22.1,,.6,77.3
192,柳林,2016-09-15,23.3,,.9,73.9
192,柳林,2016-09-16,22.2,2.7,.7,86.1
192,柳林,2016-09-17,19.3,174.5,.9,90
192,柳林,2016-09-18,19.6,4.5,1.2,85.1
192,柳林,2016-09-19,20.7,0,2.3,62.5
192,柳林,2016-09-20,18.9,,2.2,57
192,柳林,2016-09-21,18,,1,68.4
192,柳林,2016-09-22,19,,.7,75
192,柳林,2016-09-23,19.8,,.8,74.1
192,柳林,2016-09-24,20.5,,.7,73.3
192,柳林,2016-09-25,20.9,,.6,75.8
192,柳林,2016-09-26,21.7,3.8,.5,82.4
192,柳林,2016-09-27,24.1,,.8,82
192,柳林,2016-09-28,22,16.7,.5,90
192,柳林,2016-09-29,18.7,4,.8,86.4
192,柳林,2016-09-30,17,30.7,.7,88.5
192,柳林,2016-10-01,19.2,.5,.5,86.6
192,柳林,2016-10-02,21.4,.5,.5,86.4
192,柳林,2016-10-03,23.6,,.7,83.6
192,柳林,2016-10-04,21.8,1.9,1.3,72.1
192,柳林,2016-10-05,20,82.2,2.2,81.4
192,柳林,2016-10-06,18.9,,.7,68.5
192,柳林,2016-10-07,18.3,1.6,.7,79.9
192,柳林,2016-10-08,17.2,26.8,.6,85.6
192,柳林,2016-10-09,14,,1.6,52.8
192,柳林,2016-10-10,14.4,,.8,69.9
192,柳林,2016-10-11,14.3,,.4,78.4
192,柳林,2016-10-12,15.6,,.7,69.9
192,柳林,2016-10-13,15.2,,.3,79.1
192,柳林,2016-10-14,14.8,,.5,72.1
192,柳林,2016-10-15,15.4,,.5,75.9
192,柳林,2016-10-16,14.9,41.7,.4,90.8
192,柳林,2016-10-17,18,,.6,84.3
192,柳林,2016-10-18,16.7,,.6,78.6
192,柳林,2016-10-19,16.7,,.4,79.6
192,柳林,2016-10-20,16.2,,.6,78.1
192,柳林,2016-10-21,16.5,0,1.1,70.3
192,柳林,2016-10-22,16.6,0,.8,72.3
192,柳林,2016-10-23,15.7,,1.7,64.6
192,柳林,2016-10-24,14.8,,1.1,63.4
192,柳林,2016-10-25,14.9,3.5,.7,82.6
192,柳林,2016-10-26,13.9,,.6,77.6
192,柳林,2016-10-27,14.2,,.9,70.6
192,柳林,2016-10-28,14,10.7,1,81.4
192,柳林,2016-10-29,12.7,,1,68.3
192,柳林,2016-10-30,8.8,,.9,64.8
192,柳林,2016-10-31,7.9,.7,.5,80.9
192,柳林,2016-11-01,6,,1.7,50.9
192,柳林,2016-11-02,5.5,,1.1,56.3
192,柳林,2016-11-03,7.7,,.7,73.1
192,柳林,2016-11-04,9.6,,.9,69
192,柳林,2016-11-05,10.8,,.8,77.9
192,柳林,2016-11-06,11.5,,.9,75.6
192,柳林,2016-11-07,12.4,,.7,71.9
192,柳林,2016-11-08,11.1,0,1.5,54.8
192,柳林,2016-11-09,5.8,,1.1,46.9
192,柳林,2016-11-10,9.2,0,.9,64.3
192,柳林,2016-11-11,9,,.7,69.5
192,柳林,2016-11-12,9.3,,.6,72.1
192,柳林,2016-11-13,11.4,1.1,.6,80.6
192,柳林,2016-11-14,14.3,4,.6,90.4
192,柳林,2016-11-15,11.3,,1,56
192,柳林,2016-11-16,6.7,,.5,61
192,柳林,2016-11-17,9.1,,.7,61.9
192,柳林,2016-11-18,9.8,25,.5,81.6
192,柳林,2016-11-19,13.7,.6,.3,89
192,柳林,2016-11-20,12.9,,.5,79.8
192,柳林,2016-11-21,10.7,,.3,82.6
192,柳林,2016-11-22,8.8,,1.3,58.4
192,柳林,2016-11-23,6.5,,1.4,32.9
192,柳林,2016-11-24,3.1,,2.4,33.5
192,柳林,2016-11-25,3.2,,.8,50.3
192,柳林,2016-11-26,1.3,1.8,.7,75.5
192,柳林,2016-11-27,4.5,,.9,73.4
192,柳林,2016-11-28,3.9,,.8,61.5
192,柳林,2016-11-29,3.7,,1,56
192,柳林,2016-11-30,7,4.5,.6,71
192,柳林,2016-12-01,7.3,,1.2,59.1
192,柳林,2016-12-02,2.6,,.5,60.9
192,柳林,2016-12-03,2.9,,.4,63.1
192,柳林,2016-12-04,4,,.4,75.3
192,柳林,2016-12-05,6.4,,.5,76.1
192,柳林,2016-12-06,3.6,,1.2,40
192,柳林,2016-12-07,.4,,.6,68.4
192,柳林,2016-12-08,3.2,,.7,70.4
192,柳林,2016-12-09,6.9,,1.6,49.9
192,柳林,2016-12-10,1.7,,.7,45.4
192,柳林,2016-12-11,-.2,,.6,47.3
192,柳林,2016-12-12,3.7,,.5,54.9
192,柳林,2016-12-13,6.2,,.7,64
192,柳林,2016-12-14,2.7,,1.3,48.1
192,柳林,2016-12-15,-.2,,1.9,47.6
192,柳林,2016-12-16,-1.2,,1.1,35.8
192,柳林,2016-12-17,0,,.4,62.6
192,柳林,2016-12-18,1.6,,.4,71.6
192,柳林,2016-12-19,5.9,11,.5,86.6
192,柳林,2016-12-20,8.2,,.7,81.5
192,柳林,2016-12-21,6.8,45.7,.7,87.5
192,柳林,2016-12-22,11.5,11,2.8,65.1
192,柳林,2016-12-23,4.1,,1.8,49.4
192,柳林,2016-12-24,1.9,,1,54.3
192,柳林,2016-12-25,3.4,,.5,73
192,柳林,2016-12-26,5.7,15.3,.7,86
192,柳林,2016-12-27,3.7,1,2.2,47.8
192,柳林,2016-12-28,-.5,,.7,55.6
192,柳林,2016-12-29,-.3,,1.4,47.5
192,柳林,2016-12-30,-1.9,,.5,51.6
192,柳林,2016-12-31,.3,,.5,65.3
192,柳林,2017-01-01,1.6,,.4,71.9
192,柳林,2017-01-02,4.4,,.5,72.8
192,柳林,2017-01-03,2.5,,.4,68.4
192,柳林,2017-01-04,1.8,,.2,71.9
192,柳林,2017-01-05,4.5,,.9,68.1
192,柳林,2017-01-06,5.7,,1.2,60.5
192,柳林,2017-01-07,3.8,0,.4,69.9
192,柳林,2017-01-08,6.9,2.9,.7,76.4
192,柳林,2017-01-09,4.7,,1.7,57.4
192,柳林,2017-01-10,.8,,1.1,55.8
192,柳林,2017-01-11,-.1,,1.4,33
192,柳林,2017-01-12,.8,,1.4,55.3
192,柳林,2017-01-13,-.2,,2,44.9
192,柳林,2017-01-14,-2.8,,3,34.3
192,柳林,2017-01-15,-2.8,,1.4,32.4
192,柳林,2017-01-16,-2.4,,.9,39.8
192,柳林,2017-01-17,-1.8,,.4,50
192,柳林,2017-01-18,1.2,,.9,49.4
192,柳林,2017-01-19,-.5,,.4,59.1
192,柳林,2017-01-20,-.6,,2.5,50.1
192,柳林,2017-01-21,-1.9,,1.2,55.1
192,柳林,2017-01-22,-.7,,2.5,42.4
192,柳林,2017-01-23,-3.5,,1.8,39.8
192,柳林,2017-01-24,-3.4,,1.2,44.1
192,柳林,2017-01-25,-3.1,,.5,49
192,柳林,2017-01-26,-.2,,.8,45.8
192,柳林,2017-01-27,4.7,,1.9,33.6
192,柳林,2017-01-28,1.9,,.7,45.1
192,柳林,2017-01-29,3.6,4.6,.6,80.9
192,柳林,2017-01-30,1.5,.6,2.7,47.9
192,柳林,2017-01-31,-1.1,,.6,50.9
192,柳林,2017-02-01,.9,,1.8,34.6
192,柳林,2017-02-02,.6,,1.1,37.9
192,柳林,2017-02-03,1.1,,.6,48.8
192,柳林,2017-02-04,5.7,1.7,.7,49.1
192,柳林,2017-02-05,6.3,2.7,1.5,67.3
192,柳林,2017-02-06,2.1,,1.9,40.9
192,柳林,2017-02-07,1.2,,.6,49.8
192,柳林,2017-02-08,2.9,,.9,45.5
192,柳林,2017-02-09,.1,,3,31.5
192,柳林,2017-02-10,-2.4,,2.6,35.9
192,柳林,2017-02-11,-1,,2.1,37.4
192,柳林,2017-02-12,-.6,,.8,48.9
192,柳林,2017-02-13,1.8,,.7,50
192,柳林,2017-02-14,2.2,,.9,49.5
192,柳林,2017-02-15,2.2,,.5,49.6
192,柳林,2017-02-16,6.7,2.5,1,66.6
192,柳林,2017-02-17,10.2,.4,2.2,44.1
192,柳林,2017-02-18,2.9,,1.6,19.6
192,柳林,2017-02-19,3.7,,.9,50.6
192,柳林,2017-02-20,7.4,.4,2.7,45.3
192,柳林,2017-02-21,1.6,,.6,48.3
192,柳林,2017-02-22,3.4,30.1,.4,84.5
192,柳林,2017-02-23,4.1,,2.6,42.6
192,柳林,2017-02-24,2.5,,2.2,31.1
192,柳林,2017-02-25,2.3,,.8,49.6
192,柳林,2017-02-26,3,,.7,54.5
192,柳林,2017-02-27,5.1,,.8,60.1
192,柳林,2017-02-28,5.1,,.8,55.9
192,柳林,2017-03-01,6.5,.6,1,61.3
192,柳林,2017-03-02,4.5,1.3,2.5,50.6
192,柳林,2017-03-03,4,,.9,48.6
192,柳林,2017-03-04,5.6,,.9,57.8
192,柳林,2017-03-05,6.3,,.7,59.4
192,柳林,2017-03-06,4.7,,2.5,32.6
192,柳林,2017-03-07,1.2,,2,35.4
192,柳林,2017-03-08,1,,1.7,47.5
192,柳林,2017-03-09,5.1,,2.4,37.5
192,柳林,2017-03-10,5.6,,1,42
192,柳林,2017-03-11,6.3,,.9,41.9
192,柳林,2017-03-12,8.3,,.9,49.3
192,柳林,2017-03-13,9.3,,1.2,47.8
192,柳林,2017-03-14,8.4,,1.8,43.4
192,柳林,2017-03-15,5.5,,1.1,43
192,柳林,2017-03-16,6.5,,1,56
192,柳林,2017-03-17,6.5,,1,49.5
192,柳林,2017-03-18,7.1,,.7,51.3
192,柳林,2017-03-19,8.5,,1,53.8
192,柳林,2017-03-20,7.1,7.9,.8,75.4
192,柳林,2017-03-21,9.2,2.3,1.6,54.4
192,柳林,2017-03-22,6.9,,.8,55.4
192,柳林,2017-03-23,9.3,,.8,49.4
192,柳林,2017-03-24,8.1,0,1,61.3
192,柳林,2017-03-25,6.3,10.9,1,85.1
192,柳林,2017-03-26,6.5,.7,1.1,78.4
192,柳林,2017-03-27,5.6,,1.2,60.8
192,柳林,2017-03-28,7.4,.6,1.1,55.6
192,柳林,2017-03-29,7,4.5,.8,86.6
192,柳林,2017-03-30,10.6,,1.2,62.4
192,柳林,2017-03-31,9.9,2.6,1.1,69.9
192,柳林,2017-04-01,7.7,.6,1.1,78.9
192,柳林,2017-04-02,8.4,,1.4,58.8
192,柳林,2017-04-03,11,,1.1,45.9
192,柳林,2017-04-04,12.6,,1.1,43.5
192,柳林,2017-04-05,13.4,48.5,1.3,77.4
192,柳林,2017-04-06,15.6,15.7,1.5,86.4
192,柳林,2017-04-07,15,,1.2,69.5
192,柳林,2017-04-08,16.3,,.9,62.6
192,柳林,2017-04-09,14.9,,1.7,56.4
192,柳林,2017-04-10,13.5,.1,2.2,45.3
192,柳林,2017-04-11,13.2,11.5,1.7,59
192,柳林,2017-04-12,14,,2.4,23
192,柳林,2017-04-13,13.7,,1.6,42.5
192,柳林,2017-04-14,15.2,0,2.1,49
192,柳林,2017-04-15,18,0,1.9,59.8
192,柳林,2017-04-16,16.8,,1,62
192,柳林,2017-04-17,14.2,16.5,.8,88.6
192,柳林,2017-04-18,14.7,0,1.9,60.4
192,柳林,2017-04-19,14.6,,1.8,36.1
192,柳林,2017-04-20,13,.2,1,52.6
192,柳林,2017-04-21,14.3,,1,56.1
192,柳林,2017-04-22,12.5,0,.9,68
192,柳林,2017-04-23,14.1,,1.3,63.4
192,柳林,2017-04-24,14.6,,1.2,59.9
192,柳林,2017-04-25,17.3,.1,1.3,68.1
192,柳林,2017-04-26,14.7,1.7,.9,71.6
192,柳林,2017-04-27,14.7,,2,29.5
192,柳林,2017-04-28,15.4,,2,38.8
192,柳林,2017-04-29,17.6,,1.5,41
192,柳林,2017-04-30,19.6,,1.5,45.6
192,柳林,2017-05-01,17.1,,1.4,52.6
192,柳林,2017-05-02,15.7,,.9,49.6
192,柳林,2017-05-03,16.6,,1,54.3
192,柳林,2017-05-04,17.9,.6,1.1,61
192,柳林,2017-05-05,17.5,4,.6,88.3
192,柳林,2017-05-06,17.6,,1.2,41.9
192,柳林,2017-05-07,17.6,,1.7,40.6
192,柳林,2017-05-08,17.7,,1,50.3
192,柳林,2017-05-09,13.6,25.3,1,88
192,柳林,2017-05-10,16.6,.1,1.1,74.8
192,柳林,2017-05-11,19.9,,1.3,61.6
192,柳林,2017-05-12,17,9.1,.8,85.4
192,柳林,2017-05-13,18.2,,1.3,68.8
192,柳林,2017-05-14,17.2,,1.4,42.9
192,柳林,2017-05-15,16,,1.1,49
192,柳林,2017-05-16,16.5,,1,60.6
192,柳林,2017-05-17,17.1,,.9,60.5
192,柳林,2017-05-18,18.8,,.9,58
192,柳林,2017-05-19,20.3,,1,53.8
192,柳林,2017-05-20,19.6,,1.1,52.6
192,柳林,2017-05-21,19.3,,1,59.8
192,柳林,2017-05-22,19.6,,1.2,56.6
192,柳林,2017-05-23,18.9,,1,67.6
192,柳林,2017-05-24,20.2,3.9,1.1,73.9
192,柳林,2017-05-25,21.5,,1.9,51.9
192,柳林,2017-05-26,17.4,,1.6,43.8
192,柳林,2017-05-27,17.5,,1.3,54.1
192,柳林,2017-05-28,18.7,,1.2,58
192,柳林,2017-05-29,23.5,,1,51.6
192,柳林,2017-05-30,23.4,,.8,51.6
192,柳林,2017-05-31,21.3,.8,1.4,69.3
192,柳林,2017-06-01,23.4,,1.6,58.1
192,柳林,2017-06-02,20,,1.8,49.3
192,柳林,2017-06-03,21.1,0,1.5,47
192,柳林,2017-06-04,19.8,,1.2,46.8
192,柳林,2017-06-05,19.5,,1.3,50.5
192,柳林,2017-06-06,17.2,10.7,.9,68.6
192,柳林,2017-06-07,19.6,12.6,1.8,72.3
192,柳林,2017-06-08,21.3,,1.2,54.6
192,柳林,2017-06-09,22.6,,1.4,49.6
192,柳林,2017-06-10,22,,1.4,63.8
192,柳林,2017-06-11,20.6,2.3,1.5,59
192,柳林,2017-06-12,19,,1.4,56.5
192,柳林,2017-06-13,18.8,.3,1.2,65.8
192,柳林,2017-06-14,20.9,,1.4,61.1
192,柳林,2017-06-15,23.3,,1.2,48.8
192,柳林,2017-06-16,21.8,,1.2,57.6
192,柳林,2017-06-17,22,,1.3,54.4
192,柳林,2017-06-18,22.6,,1.2,58
192,柳林,2017-06-19,24.1,,1.4,54.5
192,柳林,2017-06-20,21.2,10.3,1,73.3
192,柳林,2017-06-21,22.5,,1.3,66.6
192,柳林,2017-06-22,23.5,,1.3,62.9
192,柳林,2017-06-23,23.8,,1.1,62.9
192,柳林,2017-06-24,23.1,,1.2,64.3
192,柳林,2017-06-25,23.3,.5,1.3,71.5
192,柳林,2017-06-26,21.7,10.5,.9,84.5
192,柳林,2017-06-27,22.8,0,1,70.1
192,柳林,2017-06-28,23.4,,1.1,66.6
192,柳林,2017-06-29,22,4.8,.8,78.8
192,柳林,2017-06-30,24.1,0,1.1,75.9
192,柳林,2017-07-01,25.9,,1.8,74
192,柳林,2017-07-02,26,1.4,1.5,79.3
192,柳林,2017-07-03,26.6,.3,1.6,72.6
192,柳林,2017-07-04,26.1,1.9,1.2,80.5
192,柳林,2017-07-05,25.8,17.6,1.2,81.8
192,柳林,2017-07-06,24.8,5.2,1,89.6
192,柳林,2017-07-07,25.2,.3,.9,90.4
192,柳林,2017-07-08,25.5,7.1,1,91.9
192,柳林,2017-07-09,26.8,,1.2,84.3
192,柳林,2017-07-10,26.9,0,1.9,85.8
192,柳林,2017-07-11,26.1,0,1.7,78.5
192,柳林,2017-07-12,27.4,,1.2,75.6
192,柳林,2017-07-13,26.8,,1.1,78.3
192,柳林,2017-07-14,26.7,0,1.2,81.9
192,柳林,2017-07-15,27,0,1.2,80
192,柳林,2017-07-16,28.8,,1.8,73.6
192,柳林,2017-07-17,26.6,4.8,1.2,83.1
192,柳林,2017-07-18,26.7,1.9,.9,83.6
192,柳林,2017-07-19,27.8,,1,73.5
192,柳林,2017-07-20,28.5,,1.1,78.1
192,柳林,2017-07-21,30.2,,1.4,73.5
192,柳林,2017-07-22,30,,1.3,72.9
192,柳林,2017-07-23,29,,1.2,78.5
192,柳林,2017-07-24,29.7,.1,.9,79.4
192,柳林,2017-07-25,27.3,17.2,.9,87.4
192,柳林,2017-07-26,26.1,,1.3,69.9
192,柳林,2017-07-27,25.7,,1.2,64.1
192,柳林,2017-07-28,27.2,,1,68
192,柳林,2017-07-29,25.9,,1,80.9
192,柳林,2017-07-30,26.8,,1.2,78.6
192,柳林,2017-07-31,26.2,38.2,.8,87
192,柳林,2017-08-01,27.3,,1.2,81.5
192,柳林,2017-08-02,26.9,,1.1,81.5
192,柳林,2017-08-03,27.5,,1.4,71.8
192,柳林,2017-08-04,28.9,,1.2,71
192,柳林,2017-08-05,29.6,,1.4,68.9
192,柳林,2017-08-06,30.9,,1.2,62.5
192,柳林,2017-08-07,30.5,,1.4,60.3
192,柳林,2017-08-08,28,0,1,70.5
192,柳林,2017-08-09,26.7,.2,.8,87
192,柳林,2017-08-10,28.8,,1.4,72.4
192,柳林,2017-08-11,26.6,28.8,1.2,78.8
192,柳林,2017-08-12,25.8,0,1.1,76.3
192,柳林,2017-08-13,24.1,1.6,1,76.1
192,柳林,2017-08-14,22,48.5,.7,96.6
192,柳林,2017-08-15,22.8,5.7,.5,95.4
192,柳林,2017-08-16,26.3,.8,.7,85.5
192,柳林,2017-08-17,26.8,.8,.8,80
192,柳林,2017-08-18,26.6,0,1.1,77.4
192,柳林,2017-08-19,25.7,12.8,.9,85.3
192,柳林,2017-08-20,24.8,26.2,.9,91.3
192,柳林,2017-08-21,25.3,20.2,1.1,90.8
192,柳林,2017-08-22,26.1,8.1,1,88.8
192,柳林,2017-08-23,28.3,11.6,1.3,77.3
192,柳林,2017-08-24,29.4,.3,2.2,68.3
192,柳林,2017-08-25,27.6,.8,1.1,66.9
192,柳林,2017-08-26,23.6,,.9,54.5
192,柳林,2017-08-27,22.9,,.8,61.8
192,柳林,2017-08-28,24.9,,1,71
192,柳林,2017-08-29,26.9,0,1.5,55.6
192,柳林,2017-08-30,22.3,,1.6,45.8
192,柳林,2017-08-31,21.9,,1.1,59.8
192,柳林,2017-09-01,22.7,,1.5,50.8
192,柳林,2017-09-02,20.2,,1,63
192,柳林,2017-09-03,21.5,,1.1,61
192,柳林,2017-09-04,21.8,,.9,69.5
192,柳林,2017-09-05,21.5,.7,.9,76.3
192,柳林,2017-09-06,20.8,32.3,.6,86.4
192,柳林,2017-09-07,20.6,1,.5,81
192,柳林,2017-09-08,22.3,,.5,73.8
192,柳林,2017-09-09,22.2,,.7,70.8
192,柳林,2017-09-10,22.6,,.9,68.8
192,柳林,2017-09-11,20.9,74.4,.8,87.5
192,柳林,2017-09-12,22.9,,.8,70.5
192,柳林,2017-09-13,20.6,,.9,62.9
192,柳林,2017-09-14,20.3,,1.2,65.5
192,柳林,2017-09-15,20,,1.5,58.8
192,柳林,2017-09-16,21.5,,2.1,56.8
192,柳林,2017-09-17,22.2,,2.4,65.9
192,柳林,2017-09-18,20.8,,.7,71
192,柳林,2017-09-19,21.7,,1,70.6
192,柳林,2017-09-20,20.6,,.9,65.4
192,柳林,2017-09-21,18.2,,.7,70
192,柳林,2017-09-22,19.3,,.7,70
192,柳林,2017-09-23,19.6,,.7,69.3
192,柳林,2017-09-24,20.5,,.8,69.8
192,柳林,2017-09-25,21.7,,.8,72.5
192,柳林,2017-09-26,22.1,,1,65
192,柳林,2017-09-27,19.2,8.2,1.4,81.5
192,柳林,2017-09-28,20.1,,1.1,63
192,柳林,2017-09-29,15.8,,.8,58.3
192,柳林,2017-09-30,15.7,,.7,59.3
192,柳林,2017-10-01,14.9,25.3,.7,81.1
192,柳林,2017-10-02,21.1,37.4,.8,79.8
192,柳林,2017-10-03,20.7,10.8,1,75.6
192,柳林,2017-10-04,18.6,,1.4,67
192,柳林,2017-10-05,16.9,2.9,1.1,68.6
192,柳林,2017-10-06,16.2,7.8,.6,87.3
192,柳林,2017-10-07,18.8,0,.7,82.4
192,柳林,2017-10-08,20.4,,.7,75.4
192,柳林,2017-10-09,20.9,,.7,75
192,柳林,2017-10-10,21.6,,.6,78.3
192,柳林,2017-10-11,21.1,,1,72.8
192,柳林,2017-10-12,14.4,18.6,1.2,79.1
192,柳林,2017-10-13,14.3,,1.1,58.9
192,柳林,2017-10-14,15.8,,1.2,50.1
192,柳林,2017-10-15,14.7,2.8,.8,75.8
192,柳林,2017-10-16,15.6,,1.3,66.1
192,柳林,2017-10-17,14.9,,.7,75.4
192,柳林,2017-10-18,15.9,0,1.4,61.9
192,柳林,2017-10-19,16.6,,1.2,61.4
192,柳林,2017-10-20,15.9,,.9,68.6
192,柳林,2017-10-21,15.7,,1.4,62.9
192,柳林,2017-10-22,17.7,,3.4,45.4
192,柳林,2017-10-23,14.9,,1.4,48.4
192,柳林,2017-10-24,11.4,.1,.5,76.4
192,柳林,2017-10-25,11.3,,.5,72.5
192,柳林,2017-10-26,11.8,,.6,73.6
192,柳林,2017-10-27,13.1,,.7,69.8
192,柳林,2017-10-28,16.1,,1,69.9
192,柳林,2017-10-29,15.1,,2.2,48.1
192,柳林,2017-10-30,9,,1.4,39.9
192,柳林,2017-10-31,8.1,,.9,58
192,柳林,2017-11-01,9.9,,.7,61.9
192,柳林,2017-11-02,11,,.5,74
192,柳林,2017-11-03,12.1,,.8,65.5
192,柳林,2017-11-04,8.8,,1.4,51.5
192,柳林,2017-11-05,6.7,,.6,67.4
192,柳林,2017-11-06,8.2,,.7,71
192,柳林,2017-11-07,13,,.6,74.9
192,柳林,2017-11-08,15.3,,1.3,53.8
192,柳林,2017-11-09,9.8,,.6,61.4
192,柳林,2017-11-10,12.7,,1.8,61.1
192,柳林,2017-11-11,8.6,,1.9,36.5
192,柳林,2017-11-12,5.6,,.6,58.9
192,柳林,2017-11-13,8.1,,.6,68.1
192,柳林,2017-11-14,10.2,,1.1,47.9
192,柳林,2017-11-15,6.1,,1.2,49
192,柳林,2017-11-16,3.4,,.7,64.4
192,柳林,2017-11-17,5.9,,.5,60.8
192,柳林,2017-11-18,5.3,,2.8,28.3
192,柳林,2017-11-19,3.4,,1.7,33.3
192,柳林,2017-11-20,4.5,,.8,43.6
192,柳林,2017-11-21,2.7,,.7,67.6
192,柳林,2017-11-22,6.5,,1.1,60.6
192,柳林,2017-11-23,3.5,0,1.6,47.6
192,柳林,2017-11-24,2.3,,1.9,56.1
192,柳林,2017-11-25,2.9,,.7,70.8
192,柳林,2017-11-26,7.2,,1.2,69.1
192,柳林,2017-11-27,5.2,,.4,74.3
192,柳林,2017-11-28,8.4,,.8,77.9
192,柳林,2017-11-29,9.4,,.7,55.6
192,柳林,2017-11-30,6.1,,2.3,22.1
192,柳林,2017-12-01,1.2,,1.9,31
192,柳林,2017-12-02,-.6,,.6,54.5
192,柳林,2017-12-03,2.4,,.5,68.8
192,柳林,2017-12-04,3.3,,1.8,53.6
192,柳林,2017-12-05,-1.4,,1.4,47.1
192,柳林,2017-12-06,-.2,,.7,61.1
192,柳林,2017-12-07,2,0,1,64
192,柳林,2017-12-08,.7,,2.3,35
192,柳林,2017-12-09,.9,,1.3,57.3
192,柳林,2017-12-10,3.8,1.2,1.3,69.4
192,柳林,2017-12-11,.6,,2.4,39.9
192,柳林,2017-12-12,-2.7,,2,30.8
192,柳林,2017-12-13,-3.2,,1.5,34.8
192,柳林,2017-12-14,-2.9,,.5,36.1
192,柳林,2017-12-15,-.3,,.6,37.1
192,柳林,2017-12-16,0,,2,40.8
192,柳林,2017-12-17,-2.3,,1.5,42
192,柳林,2017-12-18,.7,0,1.1,56.9
192,柳林,2017-12-19,-.1,,1.5,51.6
192,柳林,2017-12-20,-1.9,,.7,52
192,柳林,2017-12-21,-1.1,,.6,60.1
192,柳林,2017-12-22,-.9,,.4,60.4
192,柳林,2017-12-23,.9,,.4,71.4
192,柳林,2017-12-24,5.3,12.8,1.6,67.9
192,柳林,2017-12-25,2,,1.7,38.4
192,柳林,2017-12-26,.4,,2.2,44.1
192,柳林,2017-12-27,-1.4,,1.4,30.8
192,柳林,2017-12-28,-1.6,,.7,52.9
192,柳林,2017-12-29,2.1,,1,66.3
192,柳林,2017-12-30,1.7,,.5,75.9
192,柳林,2017-12-31,3.7,0,1.8,43
192,柳林,2018-01-01,.9,,1.5,47.9
192,柳林,2018-01-02,.7,,.7,56.9
192,柳林,2018-01-03,2,,1.5,26.5
192,柳林,2018-01-04,1.4,,1,32.1
192,柳林,2018-01-05,2.4,,1.3,37.9
192,柳林,2018-01-06,-.3,,.8,52.3
192,柳林,2018-01-07,-.3,.9,.5,61.9
192,柳林,2018-01-08,3.2,1.5,1.1,81.4
192,柳林,2018-01-09,1.8,,2.6,45
192,柳林,2018-01-10,-1.7,.5,2.3,57.3
192,柳林,2018-01-11,-5.4,,1.5,46.5
192,柳林,2018-01-12,-6.4,,1.4,47.5
192,柳林,2018-01-13,,,.9,
192,柳林,2018-01-14,-1.1,,.6,72.5
192,柳林,2018-01-15,3.8,,.8,65.6
192,柳林,2018-01-16,2.9,22.9,.6,85.6
192,柳林,2018-01-17,4.5,4.1,.8,87.4
192,柳林,2018-01-18,2.9,,.5,80.3
192,柳林,2018-01-19,1,,.6,68.8
192,柳林,2018-01-20,0,,.5,64.3
192,柳林,2018-01-21,1.1,,.6,61.3
192,柳林,2018-01-22,4.7,0,1.3,53.4
192,柳林,2018-01-23,-3.1,,2.2,39.4
192,柳林,2018-01-24,-6.6,,2.3,30.5
192,柳林,2018-01-25,-5.6,,2,22.4
192,柳林,2018-01-26,-5.7,,1.7,23.1
192,柳林,2018-01-27,-4.7,,.9,37.1
192,柳林,2018-01-28,.5,,1.4,33.6
192,柳林,2018-01-29,-2.9,,2.2,34
192,柳林,2018-01-30,-4.1,,.9,46.4
192,柳林,2018-01-31,-1.8,,.6,55
192,柳林,2018-02-01,-1.2,,.7,50.5
192,柳林,2018-02-02,-1.9,,.5,40.4
192,柳林,2018-02-03,-3.6,,2.3,41.5
192,柳林,2018-02-04,-4.5,,2.7,29
192,柳林,2018-02-05,-5,,2.3,35.1
192,柳林,2018-02-06,-5.3,,2.7,30.5
192,柳林,2018-02-07,-6.1,,.9,43.9
192,柳林,2018-02-08,-3.7,,.7,44
192,柳林,2018-02-09,3,,1.2,48.6
192,柳林,2018-02-10,3.3,,1.7,43
192,柳林,2018-02-11,-1.4,,2.4,42.4
192,柳林,2018-02-12,-1.8,,2.4,46.5
192,柳林,2018-02-13,.3,,1.5,44
192,柳林,2018-02-14,5.1,,1.6,60.8
192,柳林,2018-02-15,5,,1,49
192,柳林,2018-02-16,3.4,,.8,30.9
192,柳林,2018-02-17,2.5,,1.6,22.3
192,柳林,2018-02-18,3.1,,.8,26.3
192,柳林,2018-02-19,4.3,,.6,39.4
192,柳林,2018-02-20,4.3,,.7,39.8
192,柳林,2018-02-21,2.9,,1.2,21.1
192,柳林,2018-02-22,.3,,.9,39.4
192,柳林,2018-02-23,2.7,0,1.3,59.4
192,柳林,2018-02-24,5.5,,.8,60.4
192,柳林,2018-02-25,6.2,,.7,61.3
192,柳林,2018-02-26,4.5,,.8,53.1
192,柳林,2018-02-27,5.6,,.9,61.4
192,柳林,2018-02-28,5.9,30.8,1.1,78.8
192,柳林,2018-03-01,5.2,,2.8,41.8
192,柳林,2018-03-02,2.9,,1.1,43.3
192,柳林,2018-03-03,6.9,,1,64.9
192,柳林,2018-03-04,9.4,13.1,.8,85.9
192,柳林,2018-03-05,6.8,6,1.8,82.3
192,柳林,2018-03-06,6,,1.4,58.3
192,柳林,2018-03-07,4.7,12.7,1.4,69
192,柳林,2018-03-08,4.7,38.7,1.7,78.1
192,柳林,2018-03-09,5.3,,.8,68.8
192,柳林,2018-03-10,6.3,,1.1,67.1
192,柳林,2018-03-11,6.2,,.8,61
192,柳林,2018-03-12,7.6,,1.1,66.3
192,柳林,2018-03-13,10.2,,1.2,71
192,柳林,2018-03-14,13.3,,1.3,72.4
192,柳林,2018-03-15,14.3,43.5,.8,91.8
192,柳林,2018-03-16,6.8,3.8,2.3,65
192,柳林,2018-03-17,4.9,,1.2,60.8
192,柳林,2018-03-18,6.8,9.7,.7,83.3
192,柳林,2018-03-19,9,40.4,1.6,89.6
192,柳林,2018-03-20,5.6,1.4,3.6,54.4
192,柳林,2018-03-21,1.9,9.9,2.2,81.9
192,柳林,2018-03-22,6,,.9,61.1
192,柳林,2018-03-23,6.4,,.9,60
192,柳林,2018-03-24,8.7,,.9,59.9
192,柳林,2018-03-25,10.8,,1.1,62.3
192,柳林,2018-03-26,11.5,,.9,58.6
192,柳林,2018-03-27,12.3,,1.1,58.6
192,柳林,2018-03-28,13.4,,1.2,61.1
192,柳林,2018-03-29,14.1,,.9,66.4
192,柳林,2018-03-30,12.3,,1.3,58.1
192,柳林,2018-03-31,12.4,,1.1,52.4
192,柳林,2018-04-01,14.9,,1.1,66
192,柳林,2018-04-02,16.3,,1.3,75.8
192,柳林,2018-04-03,17.4,,1.5,75.8
192,柳林,2018-04-04,14.1,15.7,1.6,86.3
192,柳林,2018-04-05,8.9,4.9,1.1,88.6
192,柳林,2018-04-06,10.4,17.1,2.7,55.3
192,柳林,2018-04-07,6,,2.8,37.6
192,柳林,2018-04-08,8.5,0,2.3,51.5
192,柳林,2018-04-09,12.9,,1.4,53.8
192,柳林,2018-04-10,13.6,,1.8,69.6
192,柳林,2018-04-11,19.1,.2,2.2,39.1
192,柳林,2018-04-12,13.7,,1.1,39.5
192,柳林,2018-04-13,12.4,0,1.6,39
192,柳林,2018-04-14,10.2,34.8,1.2,78.3
192,柳林,2018-04-15,13.1,,2.1,43.8
192,柳林,2018-04-16,11.5,,1.3,58.4
192,柳林,2018-04-17,12.8,,1.1,63.6
192,柳林,2018-04-18,13.4,,1.1,59.3
192,柳林,2018-04-19,14.5,,1,57.9
192,柳林,2018-04-20,16.4,,1,53.4
192,柳林,2018-04-21,16.5,,1.2,62.6
192,柳林,2018-04-22,16,.4,1.1,80.5
192,柳林,2018-04-23,11.2,45.8,1.1,91.6
192,柳林,2018-04-24,12.4,8.9,1.7,80.1
192,柳林,2018-04-25,13.4,,1.3,52.8
192,柳林,2018-04-26,14.2,,.9,61.4
192,柳林,2018-04-27,16.1,,1.1,58.3
192,柳林,2018-04-28,15.4,,1.2,70
192,柳林,2018-04-29,16,,1.4,65.8
192,柳林,2018-04-30,17.7,,1.2,72.1
192,柳林,2018-05-01,16.7,.2,.8,82.5
192,柳林,2018-05-02,16.3,3.2,1.1,88.6
192,柳林,2018-05-03,13.3,,3.4,45.3
192,柳林,2018-05-04,15.1,,2.8,36.1
192,柳林,2018-05-05,16.9,,1.9,51.3
192,柳林,2018-05-06,16.9,16.2,.9,90.8
192,柳林,2018-05-07,16,24.4,.9,88.9
192,柳林,2018-05-08,14.9,,2,65.1
192,柳林,2018-05-09,14.1,,1.6,60
192,柳林,2018-05-10,15.8,,1.3,64.8
192,柳林,2018-05-11,16.5,,1.2,60.3
192,柳林,2018-05-12,17,7.1,.9,78
192,柳林,2018-05-13,19.6,7.9,1.2,73.8
192,柳林,2018-05-14,19,,1.1,64.4
192,柳林,2018-05-15,20.4,.3,1,72.4
192,柳林,2018-05-16,21,3.3,1.1,93.4
192,柳林,2018-05-17,21.6,1.8,1.3,91.6
192,柳林,2018-05-18,21.2,1.4,1.7,83
192,柳林,2018-05-19,15.5,.5,2.1,63.6
192,柳林,2018-05-20,15.6,,2.2,53.6
192,柳林,2018-05-21,17.2,,1.5,64
192,柳林,2018-05-22,17.7,7.8,1.1,69.8
192,柳林,2018-05-23,19.9,17.4,1.5,60.5
192,柳林,2018-05-24,18.9,,1,56.5
192,柳林,2018-05-25,19.2,,.9,56.3
192,柳林,2018-05-26,19.9,,1.1,58.6
192,柳林,2018-05-27,20.3,,1.1,66.3
192,柳林,2018-05-28,19,2.8,.6,86.3
192,柳林,2018-05-29,21.9,0,.9,75.8
192,柳林,2018-05-30,22.1,,1.2,76.5
192,柳林,2018-05-31,19.7,,1.1,60.3
192,柳林,2018-06-01,21.4,,1.2,56.6
192,柳林,2018-06-02,23,,1.1,57.6
192,柳林,2018-06-03,22,,1.1,64.8
192,柳林,2018-06-04,22.2,,1.2,63.9
192,柳林,2018-06-05,19.8,1.5,.8,80.8
192,柳林,2018-06-06,22.3,,1.1,68.1
192,柳林,2018-06-07,23.2,,1.3,66.9
192,柳林,2018-06-08,23.5,,1,67.5
192,柳林,2018-06-09,22.7,0,1.8,59.9
192,柳林,2018-06-10,19.6,1.4,1.8,68.5
192,柳林,2018-06-11,17.7,32.3,1,82.8
192,柳林,2018-06-12,18.5,19.4,.9,83
192,柳林,2018-06-13,20.1,,1.1,73.4
192,柳林,2018-06-14,20.1,,1.6,69.1
192,柳林,2018-06-15,19.7,,1.9,59.3
192,柳林,2018-06-16,19.3,,1.7,61.9
192,柳林,2018-06-17,20.4,,1,68.6
192,柳林,2018-06-18,23,,1.2,66.4
192,柳林,2018-06-19,21.3,8.4,.9,80.8
192,柳林,2018-06-20,23.2,0,1.1,70.6
192,柳林,2018-06-21,23.6,,1.1,60.9
192,柳林,2018-06-22,22.6,,.9,60.1
192,柳林,2018-06-23,22.5,0,1.2,68.4
192,柳林,2018-06-24,25,,1,62
192,柳林,2018-06-25,24.6,,1.2,65
192,柳林,2018-06-26,23.1,.3,1.2,84.4
192,柳林,2018-06-27,25,12,1.8,79.5
192,柳林,2018-06-28,21.9,91.9,1.4,89.5
192,柳林,2018-06-29,24.1,2.9,1.2,81.3
192,柳林,2018-06-30,21.2,37.6,.7,91
192,柳林,2018-07-01,23.6,53.5,1.3,83.9
192,柳林,2018-07-02,24.8,57.4,1,84.6
192,柳林,2018-07-03,23.6,14.4,1.6,84
192,柳林,2018-07-04,26.4,0,1.2,72.9
192,柳林,2018-07-05,23.5,81.9,.8,86.4
192,柳林,2018-07-06,21.2,4.9,1.2,83.8
192,柳林,2018-07-07,21.3,,2.1,64.3
192,柳林,2018-07-08,20.6,,1.8,68.4
192,柳林,2018-07-09,19.3,23.4,.6,89.4
192,柳林,2018-07-10,24,,.4,82
192,柳林,2018-07-11,26.6,,1,75.6
192,柳林,2018-07-12,27,,1.3,75.6
192,柳林,2018-07-13,27.5,,1,75
192,柳林,2018-07-14,28.2,,1,72.1
192,柳林,2018-07-15,28.1,,1,69.9
192,柳林,2018-07-16,27.9,,1.1,69.5
192,柳林,2018-07-17,27.3,,1.1,70.9
192,柳林,2018-07-18,27.9,,1,69.1
192,柳林,2018-07-19,28.1,,.9,67.4
192,柳林,2018-07-20,28.6,,.8,67
192,柳林,2018-07-21,29.1,,.9,65.9
192,柳林,2018-07-22,27.8,,.9,71
192,柳林,2018-07-23,28.6,,1.1,69.1
192,柳林,2018-07-24,28.8,,1.3,71.8
192,柳林,2018-07-25,29.4,,1.2,69
192,柳林,2018-07-26,30.6,,1,62.6
192,柳林,2018-07-27,30,.4,1,71.1
192,柳林,2018-07-28,28.6,,1.1,77.9
192,柳林,2018-07-29,30.5,,1.9,54.5
192,柳林,2018-07-30,28.1,4.9,1.6,71
192,柳林,2018-07-31,28.4,,1.2,65.1
192,柳林,2018-08-01,29.1,,1.1,62.4
192,柳林,2018-08-02,29.4,,1.6,61.9
192,柳林,2018-08-03,28.9,,1.3,67.4
192,柳林,2018-08-04,29.3,,1.2,71.6
192,柳林,2018-08-05,30.6,,1,60.6
192,柳林,2018-08-06,30,0,1.2,66.8
192,柳林,2018-08-07,28.4,.1,1.2,73.9
192,柳林,2018-08-08,27.9,3.5,.9,77.5
192,柳林,2018-08-09,28.8,0,1,75.1
192,柳林,2018-08-10,27.1,1.6,1.1,81.9
192,柳林,2018-08-11,26.6,0,1,77.3
192,柳林,2018-08-12,27.4,.1,.8,74.1
192,柳林,2018-08-13,29.2,,1.1,67.1
192,柳林,2018-08-14,29.1,,1,65
192,柳林,2018-08-15,28.6,.1,1.3,68.5
192,柳林,2018-08-16,25.6,29.7,1.5,80.9
192,柳林,2018-08-17,24.2,,1.7,60.1
192,柳林,2018-08-18,23.1,,1,65.4
192,柳林,2018-08-19,24.1,,.9,68.5
192,柳林,2018-08-20,24.8,,1,68.5
192,柳林,2018-08-21,26.6,,1.1,65.5
192,柳林,2018-08-22,28.9,,2.4,62.4
192,柳林,2018-08-23,26.4,17.7,3.1,79.5
192,柳林,2018-08-24,27.8,5.4,3.2,66.5
192,柳林,2018-08-25,24.5,.3,.9,79.6
192,柳林,2018-08-26,22.2,70.5,.8,90.4
192,柳林,2018-08-27,23.7,46,.5,92.4
192,柳林,2018-08-28,26.1,.1,1,81.5
192,柳林,2018-08-29,26.4,0,1.1,76.6
192,柳林,2018-08-30,26.6,6,1.3,79.3
192,柳林,2018-08-31,24.3,31.6,1.2,85.9
192,柳林,2018-09-01,22.3,25.6,.9,83.1
192,柳林,2018-09-02,21.1,11.6,.8,80.4
192,柳林,2018-09-03,23.4,58.1,.6,87.9
192,柳林,2018-09-04,24.2,33.3,1.5,67.6
192,柳林,2018-09-05,22.4,,1.2,68.3
192,柳林,2018-09-06,22,,.5,77.6
192,柳林,2018-09-07,21.1,3.7,.9,81.5
192,柳林,2018-09-08,18.4,,.3,75.4
192,柳林,2018-09-09,20.5,,1,68.8
192,柳林,2018-09-10,20.3,,1.2,62.8
192,柳林,2018-09-11,19.5,,1.3,63.3
192,柳林,2018-09-12,22,0,1,70
192,柳林,2018-09-13,20.7,10.2,.4,84.6
192,柳林,2018-09-14,21.4,24.7,.5,89
192,柳林,2018-09-15,21.8,5.8,.2,90.1
192,柳林,2018-09-16,23.9,,.6,78.4
192,柳林,2018-09-17,23.1,,.3,75.4
192,柳林,2018-09-18,22.8,,.8,72
192,柳林,2018-09-19,20.6,.2,.5,78.1
192,柳林,2018-09-20,20.3,10.1,.6,89.3
192,柳林,2018-09-21,19.4,18.3,.6,89.8
192,柳林,2018-09-22,20.3,,.6,81.8
192,柳林,2018-09-23,19.3,,.7,72.9
192,柳林,2018-09-24,16.6,,.4,75.1
192,柳林,2018-09-25,16.6,,1,65.1
192,柳林,2018-09-26,17.9,,1.2,62.8
192,柳林,2018-09-27,17.6,,1.1,64.4
192,柳林,2018-09-28,18.1,,1,68
192,柳林,2018-09-29,18.7,0,.9,70.8
192,柳林,2018-09-30,21,,2.5,48
192,柳林,2018-10-01,17,0,2.1,54.4
192,柳林,2018-10-02,16,,.5,67.1
192,柳林,2018-10-03,15.3,,.6,67.8
192,柳林,2018-10-04,17.5,1.6,1.2,68.8
192,柳林,2018-10-05,17.9,55.5,1,89
192,柳林,2018-10-06,20.5,165.8,2.1,80
192,柳林,2018-10-07,17.9,,.7,76
192,柳林,2018-10-08,15.5,,.9,62.3
192,柳林,2018-10-09,14.7,,.5,73.6
192,柳林,2018-10-10,15,,1.2,60
192,柳林,2018-10-11,12,,1.3,47.8
192,柳林,2018-10-12,9.9,,.7,66.1
192,柳林,2018-10-13,11.6,,.5,73.9
192,柳林,2018-10-14,13.7,,.5,73.4
192,柳林,2018-10-15,14.3,,.5,71.9
192,柳林,2018-10-16,11.8,,.4,80
192,柳林,2018-10-17,12.3,,.3,73.1
192,柳林,2018-10-18,12.4,,.7,60.8
192,柳林,2018-10-19,,,.4,
192,柳林,2018-10-20,11.1,,.5,69.6
192,柳林,2018-10-21,10.7,,.3,68.8
192,柳林,2018-10-22,12.6,,.3,75
192,柳林,2018-10-23,13.8,0,.4,77.4
192,柳林,2018-10-24,11.8,,.4,71.4
192,柳林,2018-10-25,11.3,,.5,69.4
192,柳林,2018-10-26,12.4,.9,.2,86
192,柳林,2018-10-27,10,,1,72.9
192,柳林,2018-10-28,11.3,.2,1.7,71
192,柳林,2018-10-29,10.4,.1,1.1,75.8
192,柳林,2018-10-30,8.1,,.7,65
192,柳林,2018-10-31,8.1,,.5,68.8
192,柳林,2018-11-01,6.8,,.5,68.8
192,柳林,2018-11-02,7.6,,.5,64.4
192,柳林,2018-11-03,8.2,,.2,65.5
192,柳林,2018-11-04,9.4,,.2,67.3
192,柳林,2018-11-05,9.7,,.3,69.6
192,柳林,2018-11-06,10.9,,.2,74.9
192,柳林,2018-11-07,12.8,.5,.3,82.3
192,柳林,2018-11-08,14,19.5,.9,88.6
192,柳林,2018-11-09,12.7,,1.9,62.4
192,柳林,2018-11-10,9.1,,.4,74.8
192,柳林,2018-11-11,10.1,3.5,.5,80.4
192,柳林,2018-11-12,10.6,1.5,.8,75.4
192,柳林,2018-11-13,9.5,,.5,77
192,柳林,2018-11-14,8.9,,.5,75.5
192,柳林,2018-11-15,8.7,,.4,74.9
192,柳林,2018-11-16,8.6,1,.3,87
192,柳林,2018-11-17,7.8,,.7,68.8
192,柳林,2018-11-18,5.7,,.4,67
192,柳林,2018-11-19,7.1,,.6,62.6
192,柳林,2018-11-20,5.6,,.6,60.3
192,柳林,2018-11-21,5.9,,.4,63.4
192,柳林,2018-11-22,5.4,,1.8,42
192,柳林,2018-11-23,2.8,,.8,56.1
192,柳林,2018-11-24,2.7,1.5,.6,79.4
192,柳林,2018-11-25,5,,.6,89
192,柳林,2018-11-26,5.2,,.5,77.3
192,柳林,2018-11-27,6.6,,.4,73.4
192,柳林,2018-11-28,5.9,,.7,58.1
192,柳林,2018-11-29,5,,.4,53.1
192,柳林,2018-11-30,5.7,,.5,67.9
192,柳林,2018-12-01,5.2,,.5,64.8
192,柳林,2018-12-02,9.1,0,.7,71.3
192,柳林,2018-12-03,12.8,9.5,.3,90.9
192,柳林,2018-12-04,13.3,12,1.1,68
192,柳林,2018-12-05,7.3,,1.1,41.1
192,柳林,2018-12-06,5.8,2.5,1,69.4
192,柳林,2018-12-07,.2,,3.1,33.8
192,柳林,2018-12-08,-1.7,,1.7,38.8
192,柳林,2018-12-09,-1.7,,1.5,34.4
192,柳林,2018-12-10,-1.7,,.6,42.1
192,柳林,2018-12-11,2,1.5,.5,78.1
192,柳林,2018-12-12,1.2,,1.7,51.3
192,柳林,2018-12-13,.8,,1.1,54.4
192,柳林,2018-12-14,-.1,,1,44.9
192,柳林,2018-12-15,-1.7,,.5,49.4
192,柳林,2018-12-16,.1,1,.5,75.6
192,柳林,2018-12-17,2.2,,.9,72.3
192,柳林,2018-12-18,1.5,,.4,68.5
192,柳林,2018-12-19,4.6,,.8,64.6
192,柳林,2018-12-20,4.4,,.4,74.9
192,柳林,2018-12-21,4.8,,.5,78.5
192,柳林,2018-12-22,7,0,.5,74
192,柳林,2018-12-23,7.7,2.5,1.8,47.6
192,柳林,2018-12-24,1,,.8,46.4
192,柳林,2018-12-25,1,,.5,47.5
192,柳林,2018-12-26,5.3,,1.5,33.4
192,柳林,2018-12-27,-.6,,2.7,16.5
192,柳林,2018-12-28,-3.8,,2,28.3
192,柳林,2018-12-29,-2,,2.6,30
192,柳林,2018-12-30,-2,,1.3,34.9
192,柳林,2018-12-31,-1.2,,.6,37.1
192,柳林,2019-01-01,-1.3,,.9,50.4
192,柳林,2019-01-02,-.6,,1,48.8
192,柳林,2019-01-03,-1.8,,.4,50
192,柳林,2019-01-04,-.4,,.3,45.8
192,柳林,2019-01-05,2.3,,.8,48
192,柳林,2019-01-06,0,,.5,38.3
192,柳林,2019-01-07,.1,,.6,44
192,柳林,2019-01-08,.8,,1.3,44
192,柳林,2019-01-09,-.4,,1,38.8
192,柳林,2019-01-10,2.5,,1.3,47.4
192,柳林,2019-01-11,2.4,0,.6,64.1
192,柳林,2019-01-12,3.7,4,.6,83.6
192,柳林,2019-01-13,1.6,,.4,76.6
192,柳林,2019-01-14,1.2,,.4,65.9
192,柳林,2019-01-15,2.2,,1.2,55.9
192,柳林,2019-01-16,-.8,,1.5,30.1
192,柳林,2019-01-17,0,,1.2,51.5
192,柳林,2019-01-18,.7,,.5,56.6
192,柳林,2019-01-19,3.7,0,.6,61.6
192,柳林,2019-01-20,3.5,0,1.8,49.4
192,柳林,2019-01-21,-.5,,.7,55.1
192,柳林,2019-01-22,.5,,.6,62.3
192,柳林,2019-01-23,1.7,,.7,55.8
192,柳林,2019-01-24,.8,,.6,50.9
192,柳林,2019-01-25,.4,,1.4,45.1
192,柳林,2019-01-26,-.3,,2.2,27.6
192,柳林,2019-01-27,-1.4,,.7,48.3
192,柳林,2019-01-28,1.7,,1.6,44.9
192,柳林,2019-01-29,.1,,.7,49.5
192,柳林,2019-01-30,3.8,,.6,46.5
192,柳林,2019-01-31,.7,9.5,1,71.6
192,柳林,2019-02-01,-1,,1,59.5
192,柳林,2019-02-02,1.4,0,.6,65.4
192,柳林,2019-02-03,6.8,13.5,1.2,82.5
192,柳林,2019-02-04,4.8,,2.1,31.5
192,柳林,2019-02-05,2.4,,.6,49.1
192,柳林,2019-02-06,5.1,,.6,57.8
192,柳林,2019-02-07,5.2,,1.8,45.9
192,柳林,2019-02-08,1.7,,1.3,23.9
192,柳林,2019-02-09,1.2,,1.9,28.3
192,柳林,2019-02-10,2.1,,1,35.5
192,柳林,2019-02-11,1.1,,1.8,34.4
192,柳林,2019-02-12,.9,,.7,48
192,柳林,2019-02-13,3.2,,1.4,34.1
192,柳林,2019-02-14,2.5,,1,37
192,柳林,2019-02-15,4.1,,.8,52.3
192,柳林,2019-02-16,1.8,,1.8,44.3
192,柳林,2019-02-17,.7,,.8,41.1
192,柳林,2019-02-18,2.3,0,.5,44
192,柳林,2019-02-19,4.2,29,.5,85.9
192,柳林,2019-02-20,4.5,,1.3,58.5
192,柳林,2019-02-21,4,,.9,57.8
192,柳林,2019-02-22,4.2,,.4,64
192,柳林,2019-02-23,5.4,,.9,62.1
192,柳林,2019-02-24,5.9,,.7,65
192,柳林,2019-02-25,6.9,,.6,56
192,柳林,2019-02-26,6.6,,.8,49.4
192,柳林,2019-02-27,7.9,.5,.8,67.8
192,柳林,2019-02-28,8.5,.5,.8,64.6
192,柳林,2019-03-01,6.7,,.7,58.8
192,柳林,2019-03-02,7.6,,.7,63.4
192,柳林,2019-03-03,10.2,0,.8,61
192,柳林,2019-03-04,10.2,,.9,63.4
192,柳林,2019-03-05,8.9,,.7,65.8
192,柳林,2019-03-06,9.2,2,.8,80.5
192,柳林,2019-03-07,7.5,,1.2,62.8
192,柳林,2019-03-08,6.7,,.8,65.8
192,柳林,2019-03-09,8,0,.9,69.4
192,柳林,2019-03-10,7.1,21,1.2,92.4
192,柳林,2019-03-11,6.8,0,1.3,79.9
192,柳林,2019-03-12,6.9,0,1.9,65.9
192,柳林,2019-03-13,4.5,,2.2,38.4
192,柳林,2019-03-14,5.3,,.9,54.3
192,柳林,2019-03-15,5.1,0,1.6,65.4
192,柳林,2019-03-16,6.1,,1.2,64.8
192,柳林,2019-03-17,7.2,,.8,61.5
192,柳林,2019-03-18,8.1,,1,63.9
192,柳林,2019-03-19,11.6,,.9,59.6
192,柳林,2019-03-20,11.2,19,.7,81.4
192,柳林,2019-03-21,14.6,0,2,58.4
192,柳林,2019-03-22,9.3,,1.8,40.9
192,柳林,2019-03-23,6.3,0,2.1,41.8
192,柳林,2019-03-24,4.9,,1.2,55.6
192,柳林,2019-03-25,6,,.9,64.9
192,柳林,2019-03-26,9.7,,.8,59.8
192,柳林,2019-03-27,12.3,,1.6,55.5
192,柳林,2019-03-28,12.8,,1.1,68
192,柳林,2019-03-29,12.7,,.9,77
192,柳林,2019-03-30,11.2,0,2.5,53.5
192,柳林,2019-03-31,6.6,,2.2,37.8
192,柳林,2019-04-01,6.3,,1.6,42.1
192,柳林,2019-04-02,7.7,,1.4,45.6
192,柳林,2019-04-03,8.8,,1.3,33
192,柳林,2019-04-04,10.9,,1.4,40.3
192,柳林,2019-04-05,12.8,,1.4,48.8
192,柳林,2019-04-06,12.6,,1.2,45.5
192,柳林,2019-04-07,11.5,,.6,82.4
192,柳林,2019-04-08,14.3,,1.2,67.9
192,柳林,2019-04-09,10.4,24,2,66.5
192,柳林,2019-04-10,8.4,10.9,1.7,79.6
192,柳林,2019-04-11,9.1,,.8,76.5
192,柳林,2019-04-12,10.9,,1,63.9
192,柳林,2019-04-13,11.5,,.9,58.4
192,柳林,2019-04-14,12.2,0,1.6,54.6
192,柳林,2019-04-15,11.3,,1.1,52.8
192,柳林,2019-04-16,13.1,,.9,54.5
192,柳林,2019-04-17,15.2,,1,62.4
192,柳林,2019-04-18,14.8,,1.1,72
192,柳林,2019-04-19,12.7,,.8,82
192,柳林,2019-04-20,14,,.9,71.5
192,柳林,2019-04-21,16.5,,.7,74.5
192,柳林,2019-04-22,17.5,,.9,73.5
192,柳林,2019-04-23,14.7,8.3,.4,90.1
192,柳林,2019-04-24,17.6,6,.5,93.3
192,柳林,2019-04-25,15.2,11.1,.7,95.4
192,柳林,2019-04-26,12.3,0,1.3,80.1
192,柳林,2019-04-27,12,0,1.1,71.1
192,柳林,2019-04-28,12,.1,.8,76.5
192,柳林,2019-04-29,11.1,54.2,.6,94
192,柳林,2019-04-30,15.7,,1,85
192,柳林,2019-05-01,16.7,,1,71
192,柳林,2019-05-02,16,,1,59
192,柳林,2019-05-03,16.2,,1.1,55.5
192,柳林,2019-05-04,16.7,,.7,60.6
192,柳林,2019-05-05,18.1,,.9,60.1
192,柳林,2019-05-06,15.4,,1.2,65.4
192,柳林,2019-05-07,14.6,0,1.2,58
192,柳林,2019-05-08,14.7,,.9,59.6
192,柳林,2019-05-09,16.2,,.8,54.9
192,柳林,2019-05-10,16.7,,.9,56.9
192,柳林,2019-05-11,17.9,,.9,55.8
192,柳林,2019-05-12,18.3,,.9,55.3
192,柳林,2019-05-13,17.8,,1,65.5
192,柳林,2019-05-14,21,0,1.2,72
192,柳林,2019-05-15,20.3,,.9,70.3
192,柳林,2019-05-16,20.8,,.8,64.8
192,柳林,2019-05-17,20.7,4.7,1.3,67.5
192,柳林,2019-05-18,17.2,44.2,1.1,93.6
192,柳林,2019-05-19,18.6,15.7,.5,95
192,柳林,2019-05-20,17.5,.4,1.4,67.8
192,柳林,2019-05-21,17.6,,1.3,46.9
192,柳林,2019-05-22,18.7,,1.2,57
192,柳林,2019-05-23,21.1,,1,61.3
192,柳林,2019-05-24,21.5,,1,64.8
192,柳林,2019-05-25,22.4,,.7,62.4
192,柳林,2019-05-26,22,.1,1.1,66.9
192,柳林,2019-05-27,19.8,66,1.9,90.5
192,柳林,2019-05-28,18.8,,1.5,50.8
192,柳林,2019-05-29,19.7,,1.1,54.1
192,柳林,2019-05-30,20.3,0,1.1,54.4
192,柳林,2019-05-31,17.1,1.2,1.1,76.3
192,柳林,2019-06-01,19,,.9,67.3
192,柳林,2019-06-02,20.1,,.9,65.8
192,柳林,2019-06-03,21.5,,1,64.9
192,柳林,2019-06-04,22.5,,1.1,71.4
192,柳林,2019-06-05,23.9,,.9,65.9
192,柳林,2019-06-06,21.1,21.4,1,82.1
192,柳林,2019-06-07,19,15.8,.7,89.3
192,柳林,2019-06-08,20.2,.2,1,79.3
192,柳林,2019-06-09,20.6,,1.3,71.8
192,柳林,2019-06-10,19.2,.3,1.3,72.4
192,柳林,2019-06-11,19,1.9,1.1,75.9
192,柳林,2019-06-12,20.7,,1.1,71.8
192,柳林,2019-06-13,21.1,,1.2,72.3
192,柳林,2019-06-14,19.1,2.7,.6,82.9
192,柳林,2019-06-15,21.9,0,1.3,67.6
192,柳林,2019-06-16,20.9,,1.1,70.8
192,柳林,2019-06-17,21.9,,1.2,73.9
192,柳林,2019-06-18,22.3,,.9,76
192,柳林,2019-06-19,22.8,0,1,77.6
192,柳林,2019-06-20,24.2,,1.1,72.3
192,柳林,2019-06-21,24.4,,1.1,69.9
192,柳林,2019-06-22,22.3,.5,1.2,75.4
192,柳林,2019-06-23,21.5,6.3,1.2,71.9
192,柳林,2019-06-24,21.9,,1.1,76.3
192,柳林,2019-06-25,23.3,,1.2,71.9
192,柳林,2019-06-26,18.5,93.7,.5,93.4
192,柳林,2019-06-27,23.9,40,.7,88.5
192,柳林,2019-06-28,24.2,,1.1,81.5
192,柳林,2019-06-29,20.7,60.9,.5,94.5
192,柳林,2019-06-30,23.9,,.7,86.1
192,柳林,2019-07-01,23.8,.3,.7,87.1
192,柳林,2019-07-02,24,,.9,78
192,柳林,2019-07-03,23.1,,.8,81.9
192,柳林,2019-07-04,24.5,,.8,72.3
192,柳林,2019-07-05,24.8,,.8,74.6
192,柳林,2019-07-06,25,,1.5,63.4
192,柳林,2019-07-07,23.1,,1.3,69
192,柳林,2019-07-08,23.1,0,1.3,65.6
192,柳林,2019-07-09,23,,1.4,67.1
192,柳林,2019-07-10,20.7,27,1,87.1
192,柳林,2019-07-11,24.2,.1,1.3,80.5
192,柳林,2019-07-12,24.3,,1.1,73.4
192,柳林,2019-07-13,22.1,.9,.8,87.6
192,柳林,2019-07-14,23.8,.6,.9,80.3
192,柳林,2019-07-15,24.1,5.1,.9,79.1
192,柳林,2019-07-16,23.7,4.8,.9,81.1
192,柳林,2019-07-17,24.4,2,.9,78
192,柳林,2019-07-18,22.5,24.8,.7,91.3
192,柳林,2019-07-19,23.5,30.7,.7,94.5
192,柳林,2019-07-20,24.1,113.1,2.7,93.9
192,柳林,2019-07-21,25.3,24,2,87.3
192,柳林,2019-07-22,26.8,,1.1,85.1
192,柳林,2019-07-23,27.3,,1.2,82.5
192,柳林,2019-07-24,26.3,,1.2,86.3
192,柳林,2019-07-25,26.6,0,.9,88.6
192,柳林,2019-07-26,27.1,0,1.1,87.3
192,柳林,2019-07-27,26.7,.6,.6,90.1
192,柳林,2019-07-28,27.7,,1.5,82.6
192,柳林,2019-07-29,27.8,,1.1,81
192,柳林,2019-07-30,28.5,,1.4,80.4
192,柳林,2019-07-31,28.8,,1.5,79.3
192,柳林,2019-08-01,28.4,,1.1,78.6
192,柳林,2019-08-02,28.8,,.9,77.8
192,柳林,2019-08-03,28.5,,.7,79.1
192,柳林,2019-08-04,29,,.9,73.3
192,柳林,2019-08-05,29,,.7,75.4
192,柳林,2019-08-06,26.5,7.3,1.3,78.8
192,柳林,2019-08-07,27.7,0,1.2,80.6
192,柳林,2019-08-08,28.4,,.8,77.5
192,柳林,2019-08-09,28.4,,.7,76.9
192,柳林,2019-08-10,28.1,,1.2,75.4
192,柳林,2019-08-11,28,,2.2,75.5
192,柳林,2019-08-12,28.2,.2,1.4,79.5
192,柳林,2019-08-13,28.6,2.2,.7,81.1
192,柳林,2019-08-14,29.4,.6,1.6,71.8
192,柳林,2019-08-15,28.3,.3,1.7,75.6
192,柳林,2019-08-16,27.8,,1.9,71.4
192,柳林,2019-08-17,26.7,,1.1,73.8
192,柳林,2019-08-18,27.3,,.9,70.3
192,柳林,2019-08-19,25.7,,.7,74.6
192,柳林,2019-08-20,26.9,.2,1,72
192,柳林,2019-08-21,25.7,13.3,.6,82.8
192,柳林,2019-08-22,26.7,29.8,1,87
192,柳林,2019-08-23,24.4,0,.6,82.1
192,柳林,2019-08-24,23.3,,.6,74.4
192,柳林,2019-08-25,22,.3,.5,84.9
192,柳林,2019-08-26,23.9,,1,77.5
192,柳林,2019-08-27,22.6,10.7,.5,92.8
192,柳林,2019-08-28,23.8,.3,.7,88.8
192,柳林,2019-08-29,22.3,.2,.9,89.8
192,柳林,2019-08-30,22.7,,.7,74.6
192,柳林,2019-08-31,22.4,,.7,77.1
192,柳林,2019-09-01,21.4,2.3,.5,87.8
192,柳林,2019-09-02,20.2,24.9,.5,94.6
192,柳林,2019-09-03,21.9,95.9,.5,94.5
192,柳林,2019-09-04,23.6,11.5,.4,94.6
192,柳林,2019-09-05,25.2,7,.6,88.3
192,柳林,2019-09-06,26,1.8,1.2,85.8
192,柳林,2019-09-07,25.6,27,2.8,85.1
192,柳林,2019-09-08,25.1,.2,.6,85.8
192,柳林,2019-09-09,26.5,.7,.9,85.6
192,柳林,2019-09-10,26.2,.2,.8,82
192,柳林,2019-09-11,25.7,1.8,1.1,83.8
192,柳林,2019-09-12,20.3,.5,1,88
192,柳林,2019-09-13,21.8,,.9,75.4
192,柳林,2019-09-14,22.4,,.7,77.5
192,柳林,2019-09-15,25,,.8,77.6
192,柳林,2019-09-16,23.5,,1.1,71.6
192,柳林,2019-09-17,20.8,,1,69.4
192,柳林,2019-09-18,21.1,,.8,67.4
192,柳林,2019-09-19,19.4,,.8,72.3
192,柳林,2019-09-20,19.2,,1.1,72.1
192,柳林,2019-09-21,17.7,74.5,1,93.5
192,柳林,2019-09-22,17.8,99.2,2.7,88.4
192,柳林,2019-09-23,18.1,.1,.8,86.6
192,柳林,2019-09-24,18.3,,.7,79.6
192,柳林,2019-09-25,17.7,,.6,80.4
192,柳林,2019-09-26,20.5,,.5,81.6
192,柳林,2019-09-27,21.7,3.4,.6,84.6
192,柳林,2019-09-28,22.9,1.2,.4,91.1
192,柳林,2019-09-29,24.2,,.6,86
192,柳林,2019-09-30,23.5,0,.7,84.8
192,柳林,2019-10-01,21.5,16.5,.5,95.6
192,柳林,2019-10-02,21.6,139.6,1.3,94.1
192,柳林,2019-10-03,23.4,4.1,1.6,80.6
192,柳林,2019-10-04,21.4,,.7,83.4
192,柳林,2019-10-05,21.7,,.8,78.4
192,柳林,2019-10-06,18.3,,1.2,70.6
192,柳林,2019-10-07,15.9,7.4,.6,90.1
192,柳林,2019-10-08,17,,.9,71.6
192,柳林,2019-10-09,12.8,,.6,70
192,柳林,2019-10-10,15,,.5,73
192,柳林,2019-10-11,18.9,,.9,63.6
192,柳林,2019-10-12,19.9,,2,54.1
192,柳林,2019-10-13,16.7,,1.4,61.4
192,柳林,2019-10-14,15.6,,.6,75.4
192,柳林,2019-10-15,14.9,,1,75.6
192,柳林,2019-10-16,13.3,,.6,76.4
192,柳林,2019-10-17,13.5,,.7,80.8
192,柳林,2019-10-18,14.9,9.8,.7,87.4
192,柳林,2019-10-19,17.7,,.6,80.9
192,柳林,2019-10-20,15.7,,.6,80.1
192,柳林,2019-10-21,14.8,,.7,78.6
192,柳林,2019-10-22,15.9,,.7,80.4
192,柳林,2019-10-23,16.1,0,.5,80.3
192,柳林,2019-10-24,18,,1.3,69.8
192,柳林,2019-10-25,17.5,,.6,78.6
192,柳林,2019-10-26,14.3,,.8,64.1
192,柳林,2019-10-27,9.8,,.5,74.5
192,柳林,2019-10-28,10.7,,.8,74.4
192,柳林,2019-10-29,11.9,,1,72.4
192,柳林,2019-10-30,10.4,,.4,77.4
192,柳林,2019-10-31,10.8,,.4,77.3
192,柳林,2019-11-01,12.6,,.4,79.4
192,柳林,2019-11-02,12.8,,.3,84.3
192,柳林,2019-11-03,13.6,,.4,80.5
192,柳林,2019-11-04,12.6,,.5,81.1
192,柳林,2019-11-05,11.8,,.5,79.5
192,柳林,2019-11-06,10.6,,.5,75.9
192,柳林,2019-11-07,10.9,,.6,72.9
192,柳林,2019-11-08,8.4,,.4,71.5
192,柳林,2019-11-09,7.9,,.5,69.5
192,柳林,2019-11-10,9.3,8.1,.6,76.6
192,柳林,2019-11-11,12.7,0,1.3,68.4
192,柳林,2019-11-12,9.4,,.5,77.9
192,柳林,2019-11-13,10.5,0,1.1,68.8
192,柳林,2019-11-14,6.1,,1.9,47.9
192,柳林,2019-11-15,7.6,,1,66.9
192,柳林,2019-11-16,11.1,,.7,80.4
192,柳林,2019-11-17,11.6,.5,.2,93.4
192,柳林,2019-11-18,11.8,12.8,1.4,64.1
192,柳林,2019-11-19,4.9,,1.3,63
192,柳林,2019-11-20,4.2,,.8,55.9
192,柳林,2019-11-21,5.2,,.8,57
192,柳林,2019-11-22,8.7,,.5,71.9
192,柳林,2019-11-23,10.8,,.5,80
192,柳林,2019-11-24,13.9,.1,.5,84.3
192,柳林,2019-11-25,9.8,,1.9,56.8
192,柳林,2019-11-26,9.7,,.9,69.1
192,柳林,2019-11-27,8.2,,.8,65.3
192,柳林,2019-11-28,6.5,,.9,69.4
192,柳林,2019-11-29,3.9,,.7,60.9
192,柳林,2019-11-30,6.1,,.5,59.1
192,柳林,2019-12-01,6.8,26.7,.7,91.5
192,柳林,2019-12-02,5.9,,1.7,54.6
192,柳林,2019-12-03,2.1,,.7,74.9
192,柳林,2019-12-04,2.9,,.7,71
192,柳林,2019-12-05,2.3,,1.5,56.5
192,柳林,2019-12-06,-1.9,,1,44.5
192,柳林,2019-12-07,-.3,,.8,60.9
192,柳林,2019-12-08,.5,,.5,73.3
192,柳林,2019-12-09,1.2,,.5,71.1
192,柳林,2019-12-10,5.1,,.5,79.8
192,柳林,2019-12-11,7.5,,1.5,67.4
192,柳林,2019-12-12,2.9,,.9,45.1
192,柳林,2019-12-13,.5,,.4,63.4
192,柳林,2019-12-14,3.1,,.8,59.6
192,柳林,2019-12-15,4.4,,.4,69
192,柳林,2019-12-16,5.3,,.3,80.6
192,柳林,2019-12-17,7.3,0,.5,83.3
192,柳林,2019-12-18,7.2,,.7,57.8
192,柳林,2019-12-19,4.4,,1.2,47.1
192,柳林,2019-12-20,1.9,,.7,58.9
192,柳林,2019-12-21,-.8,,.3,71.4
192,柳林,2019-12-22,1.6,,.5,72.9
192,柳林,2019-12-23,2.3,,.6,73.3
192,柳林,2019-12-24,2.2,,.4,70.9
192,柳林,2019-12-25,4.2,,.5,61.3
192,柳林,2019-12-26,4.6,1.2,.7,72
192,柳林,2019-12-27,2.2,,1.5,45.1
192,柳林,2019-12-28,-.6,,.4,65
192,柳林,2019-12-29,1.4,13,.4,78.6
192,柳林,2019-12-30,6,.6,.4,84.1
192,柳林,2019-12-31,-1.1,,2.2,35.3
192,柳林,2020-01-01,-1.6,,.5,56.1
192,柳林,2020-01-02,-.3,,.3,74
192,柳林,2020-01-03,.5,,.4,71.9
192,柳林,2020-01-04,.9,,.6,67.4
192,柳林,2020-01-05,1,,.4,61.6
192,柳林,2020-01-06,3.1,13.8,.3,85.3
192,柳林,2020-01-07,9.9,40.3,.9,93.6
192,柳林,2020-01-08,7.4,,3.1,66.4
192,柳林,2020-01-09,3.1,,.8,63.9
192,柳林,2020-01-10,.7,,.4,70.6
192,柳林,2020-01-11,2.9,,.5,66.4
192,柳林,2020-01-12,2.4,,.9,60.5
192,柳林,2020-01-13,-.2,,.6,68.8
192,柳林,2020-01-14,.6,,.8,58.9
192,柳林,2020-01-15,-.4,,.7,63.9
192,柳林,2020-01-16,.6,,.6,52.8
192,柳林,2020-01-17,1.9,,.4,51.1
192,柳林,2020-01-18,1.7,,.6,51.6
192,柳林,2020-01-19,1.1,,.6,65.9
192,柳林,2020-01-20,.7,,.7,66.9
192,柳林,2020-01-21,.6,,.7,53
192,柳林,2020-01-22,3.5,20.1,.5,76
192,柳林,2020-01-23,6.7,7.9,.6,93.4
192,柳林,2020-01-24,5.8,,.6,77.4
192,柳林,2020-01-25,6,,.5,82.4
192,柳林,2020-01-26,7.3,,1.1,72.4
192,柳林,2020-01-27,5.9,22.8,1.7,89.6
192,柳林,2020-01-28,8.2,.3,1.2,70.4
192,柳林,2020-01-29,6.6,.5,.7,81.6
192,柳林,2020-01-30,5.2,,.8,72.6
192,柳林,2020-01-31,2.3,,.6,73.1
192,柳林,2020-02-01,2,,.8,70.3
192,柳林,2020-02-02,2.3,,.5,74.1
192,柳林,2020-02-03,1.6,,.7,65
192,柳林,2020-02-04,.3,,.7,60.9
192,柳林,2020-02-05,-.1,,2.2,35.5
192,柳林,2020-02-06,-1.6,,1.1,31.5
192,柳林,2020-02-07,2.3,,.7,40.9
192,柳林,2020-02-08,2.7,,1.6,49.3
192,柳林,2020-02-09,.7,,.7,50.4
192,柳林,2020-02-10,2.6,,.7,64.5
192,柳林,2020-02-11,5.4,,.6,62.9
192,柳林,2020-02-12,8.6,20.8,.6,93.9
192,柳林,2020-02-13,8.3,,.7,85.1
192,柳林,2020-02-14,9.2,,.5,73.6
192,柳林,2020-02-15,10,.5,.7,76.4
192,柳林,2020-02-16,5,4,1.8,64
192,柳林,2020-02-17,-.3,,2.9,51.1
192,柳林,2020-02-18,.4,,1.1,48.3
192,柳林,2020-02-19,3.1,,.6,54.9
192,柳林,2020-02-20,5.4,,.6,58.9
192,柳林,2020-02-21,7,1.3,.8,70.4
192,柳林,2020-02-22,8.3,.5,2,52.9
192,柳林,2020-02-23,3.6,,.9,59.1
192,柳林,2020-02-24,6.7,.6,.7,66
192,柳林,2020-02-25,8.1,17.1,.8,94.5
192,柳林,2020-02-26,9.4,,.9,79.1
192,柳林,2020-02-27,7.3,,1.1,67.6
192,柳林,2020-02-28,5.2,1.3,.5,84.5
192,柳林,2020-02-29,6.5,,.7,83.1
192,柳林,2020-03-01,8.9,0,.9,74.1
192,柳林,2020-03-02,7.7,,1.6,43.6
192,柳林,2020-03-03,6.9,,.6,67.6
192,柳林,2020-03-04,6.2,0,1.8,52
192,柳林,2020-03-05,3.3,,1.2,46.8
192,柳林,2020-03-06,4.1,,.8,57.5
192,柳林,2020-03-07,4.5,3.9,.6,86.6
192,柳林,2020-03-08,7.4,,.8,75.1
192,柳林,2020-03-09,8,7.4,.4,85
192,柳林,2020-03-10,9,10.3,1,79.3
192,柳林,2020-03-11,4.8,,1.5,56.6
192,柳林,2020-03-12,6,,1,56.8
192,柳林,2020-03-13,9.3,,.8,52.6
192,柳林,2020-03-14,7.4,,2.2,24.1
192,柳林,2020-03-15,6,0,2.9,46.1
192,柳林,2020-03-16,5.6,,1.4,42.8
192,柳林,2020-03-17,9.3,,1.6,54.4
192,柳林,2020-03-18,9.4,,.9,58.8
192,柳林,2020-03-19,12.1,,2.9,50.1
192,柳林,2020-03-20,10.6,,1.9,36.6
192,柳林,2020-03-21,12.3,,1.3,62.3
192,柳林,2020-03-22,13.6,,1.2,75.1
192,柳林,2020-03-23,11.6,,1.4,46.6
192,柳林,2020-03-24,9.6,,.8,56.8
192,柳林,2020-03-25,11.2,,.9,58.9
192,柳林,2020-03-26,10.8,18.6,.4,88.8
192,柳林,2020-03-27,14.6,.9,.7,79.6
192,柳林,2020-03-28,8.7,,.8,59.3
192,柳林,2020-03-29,9,,1.2,65.8
192,柳林,2020-03-30,11.4,,.9,64.3
192,柳林,2020-03-31,11.4,,.7,65.9
192,柳林,2020-04-01,13.6,.4,1.3,46.8
192,柳林,2020-04-02,9.7,,.8,44.6
192,柳林,2020-04-03,10.8,,.9,47.9
192,柳林,2020-04-04,10.9,,1.3,42.1
192,柳林,2020-04-05,7.5,,.7,43.8
192,柳林,2020-04-06,9.3,,.7,51.1
192,柳林,2020-04-07,13,,.8,51.3
192,柳林,2020-04-08,12.1,,1,37.3
192,柳林,2020-04-09,10.2,,.8,42
192,柳林,2020-04-10,9.5,0,.5,65.8
192,柳林,2020-04-11,9.2,4.2,.5,79.3
192,柳林,2020-04-12,9.3,4.4,1.2,73
192,柳林,2020-04-13,9.9,,1.3,49.6
192,柳林,2020-04-14,11.8,,,54.8
192,柳林,2020-04-15,11.3,,.5,54.9
192,柳林,2020-04-16,11.4,,.8,68.1
192,柳林,2020-04-17,10.7,28.9,.3,90.8
192,柳林,2020-04-18,14.1,,.7,70.3
192,柳林,2020-04-19,10.8,30,.7,90.3
192,柳林,2020-04-20,13.6,,1.7,68.5
192,柳林,2020-04-21,11.4,,2.1,36.9
192,柳林,2020-04-22,8.1,,2.1,40.6
192,柳林,2020-04-23,8.1,,1.6,51
192,柳林,2020-04-24,10.4,,2,42.3
192,柳林,2020-04-25,14.4,,1.8,58.8
192,柳林,2020-04-26,13.7,,1.2,52.4
192,柳林,2020-04-27,12.7,,.8,50.8
192,柳林,2020-04-28,12.4,,.7,54.3
192,柳林,2020-04-29,14.6,,.9,51.4
192,柳林,2020-04-30,16,,1.2,68
192,柳林,2020-05-01,20.7,,1.4,74.1
192,柳林,2020-05-02,19.2,1.3,.8,81.5
192,柳林,2020-05-03,16.8,29.5,.4,94.9
192,柳林,2020-05-04,20.8,,.6,81
192,柳林,2020-05-05,17.7,,.6,81.1
192,柳林,2020-05-06,19.1,,1,63.5
192,柳林,2020-05-07,16.2,,1.2,53.5
192,柳林,2020-05-08,15.7,0,.7,66.6
192,柳林,2020-05-09,17,45.9,1,92.6
192,柳林,2020-05-10,18.1,,1.1,72.1
192,柳林,2020-05-11,19.6,,.6,58.8
192,柳林,2020-05-12,19.4,,2.3,44.3
192,柳林,2020-05-13,17.1,,.9,51.8
192,柳林,2020-05-14,17.2,,.6,55.3
192,柳林,2020-05-15,15,17.8,.3,91.9
192,柳林,2020-05-16,19.4,.8,.4,84.8
192,柳林,2020-05-17,19.3,,.9,82.6
192,柳林,2020-05-18,17.8,13.6,.6,89
192,柳林,2020-05-19,14.3,0,1.7,75.5
192,柳林,2020-05-20,15.8,,.9,72.3
192,柳林,2020-05-21,16.1,,.9,75.8
192,柳林,2020-05-22,16.5,,.9,72.9
192,柳林,2020-05-23,17.4,,1.1,72.4
192,柳林,2020-05-24,19.7,,1,80.3
192,柳林,2020-05-25,19.4,,.5,74.4
192,柳林,2020-05-26,19.1,,.6,78
192,柳林,2020-05-27,19.8,,.8,63.3
192,柳林,2020-05-28,19.5,,.9,66.5
192,柳林,2020-05-29,20.2,,.8,65.5
192,柳林,2020-05-30,19.8,,.7,61.8
192,柳林,2020-05-31,19.8,1.2,.7,73.8
192,柳林,2020-06-01,22.1,,1.1,63.1
192,柳林,2020-06-02,20.2,0,.9,56.6
192,柳林,2020-06-03,21.4,,.9,77.3
192,柳林,2020-06-04,24.2,,1,76.6
192,柳林,2020-06-05,24.1,,.9,72.3
192,柳林,2020-06-06,22.5,2.5,.9,77.9
192,柳林,2020-06-07,22.6,,.8,71.3
192,柳林,2020-06-08,23.1,,.7,63.6
192,柳林,2020-06-09,24.2,,.8,67.6
192,柳林,2020-06-10,24.7,.4,.9,75.8
192,柳林,2020-06-11,24.8,3.2,.8,85.9
192,柳林,2020-06-12,24.6,11.2,.9,87.5
192,柳林,2020-06-13,23.1,39.6,.6,91.9
192,柳林,2020-06-14,24.4,11.6,1.2,90.9
192,柳林,2020-06-15,23.6,,.8,75.1
192,柳林,2020-06-16,23.9,,.8,64.9
192,柳林,2020-06-17,21.5,.5,.6,77.9
192,柳林,2020-06-18,18.1,38.5,.7,95.9
192,柳林,2020-06-19,22.3,2.2,1.1,77.1
192,柳林,2020-06-20,22.3,,.6,80.4
192,柳林,2020-06-21,22.3,,.9,78.8
192,柳林,2020-06-22,22.9,,1.2,76.4
192,柳林,2020-06-23,23.4,,.8,75.1
192,柳林,2020-06-24,22,26.9,.3,92.8
192,柳林,2020-06-25,22.9,2.9,.8,94.9
192,柳林,2020-06-26,24.4,,1,76.4
192,柳林,2020-06-27,24.2,,.6,82.1
192,柳林,2020-06-28,25.8,,.8,78.5
192,柳林,2020-06-29,21.8,92.6,1,92.3
192,柳林,2020-06-30,22.7,2.1,2.9,77
192,柳林,2020-07-01,22.3,,.8,77.4
192,柳林,2020-07-02,21.6,,.6,81.4
192,柳林,2020-07-03,19.5,10.4,.8,91.4
192,柳林,2020-07-04,21.1,,.5,84.5
192,柳林,2020-07-05,22.2,,.5,83.8
192,柳林,2020-07-06,22,0,.3,92.8
192,柳林,2020-07-07,24.6,,1,84.9
192,柳林,2020-07-08,24.9,,.9,80.3
192,柳林,2020-07-09,22.6,2.6,1.1,90.6
192,柳林,2020-07-10,23.9,62.6,1,91.6
192,柳林,2020-07-11,24.7,,1.1,87.3
192,柳林,2020-07-12,20.9,71,.9,95.1
192,柳林,2020-07-13,19.3,121.1,.6,98.9
192,柳林,2020-07-14,20.2,7.9,1,96.3
192,柳林,2020-07-15,19.5,7.5,.5,97.8
192,柳林,2020-07-16,22,,.8,83.1
192,柳林,2020-07-17,22.7,,.9,81.9
192,柳林,2020-07-18,22.1,,.7,84.8
192,柳林,2020-07-19,23.3,6.6,.7,94.1
192,柳林,2020-07-20,26.3,.7,1.4,88
192,柳林,2020-07-21,25.2,8.3,.7,84.4
192,柳林,2020-07-22,23.4,36.1,.5,95.3
192,柳林,2020-07-23,22.5,102.8,1.2,96.8
192,柳林,2020-07-24,21.1,9.3,1.2,92.5
192,柳林,2020-07-25,21.6,5.2,.5,95.6
192,柳林,2020-07-26,23.7,,.9,81.3
192,柳林,2020-07-27,22,41.4,.5,94.9
192,柳林,2020-07-28,24.4,21.9,.7,94.9
192,柳林,2020-07-29,24.4,23.7,.4,95.6
192,柳林,2020-07-30,24.6,48.4,.8,93.8
192,柳林,2020-07-31,26.2,,.8,88.3
192,柳林,2020-08-01,26.6,,.9,85.1
192,柳林,2020-08-02,27.4,,1.3,84.6
192,柳林,2020-08-03,27.2,,1.2,84.9
192,柳林,2020-08-04,27.4,,1,85.8
192,柳林,2020-08-05,27.1,26.6,1.1,90.4
192,柳林,2020-08-06,26.9,11.8,1.6,89.3
192,柳林,2020-08-07,25.4,90.3,.8,95
192,柳林,2020-08-08,25.3,107.5,1.1,94.4
192,柳林,2020-08-09,27.4,1.1,1.6,84.6
192,柳林,2020-08-10,25.8,68.9,1.2,95.3
192,柳林,2020-08-11,26.5,21.9,1.2,89.8
192,柳林,2020-08-12,27.8,1.8,1,88.6
192,柳林,2020-08-13,28,,1.2,84.5
192,柳林,2020-08-14,28.7,,1.5,82.5
192,柳林,2020-08-15,29.2,,1.3,79.4
192,柳林,2020-08-16,28.4,,1,81.5
192,柳林,2020-08-17,28.3,,.8,81.3
192,柳林,2020-08-18,28.5,,.9,79.5
192,柳林,2020-08-19,28.3,,.7,78.5
192,柳林,2020-08-20,28.4,,.8,77.4
192,柳林,2020-08-21,27.5,,.9,80.8
192,柳林,2020-08-22,26.7,,.8,79.1
192,柳林,2020-08-23,26.6,,.8,79.5
192,柳林,2020-08-24,27.1,,.8,79.1
192,柳林,2020-08-25,28,0,1,77.8
192,柳林,2020-08-26,27.4,8.3,2.1,85
192,柳林,2020-08-27,27.3,14.6,1.4,88.8
192,柳林,2020-08-28,26.7,.8,.5,90.1
192,柳林,2020-08-29,27.2,.9,.8,86.9
192,柳林,2020-08-30,27.8,0,.9,83.8
192,柳林,2020-08-31,26.6,2.2,1.1,81.9
192,柳林,2020-09-01,26,0,.8,79.6
192,柳林,2020-09-02,25.2,49.9,1.4,91
192,柳林,2020-09-03,25.8,50.5,3.9,66.6
192,柳林,2020-09-04,22.6,,.9,81.3
192,柳林,2020-09-05,19.9,7.3,.6,92.9
192,柳林,2020-09-06,20.3,7.9,1.6,89.1
192,柳林,2020-09-07,22.2,49.9,3.3,81.1
192,柳林,2020-09-08,24.3,.5,1.8,79.9
192,柳林,2020-09-09,22.5,10.8,.9,85.6
192,柳林,2020-09-10,22.9,10.5,.6,82.9
192,柳林,2020-09-11,21.8,3.3,.8,88.5
192,柳林,2020-09-12,21.2,2.4,1.3,82.4
192,柳林,2020-09-13,20.5,.4,.5,86.8
192,柳林,2020-09-14,22.1,,.6,83
192,柳林,2020-09-15,22.8,,.6,80
192,柳林,2020-09-16,21.4,1.8,.4,91.6
192,柳林,2020-09-17,20.6,3.7,.3,92.6
192,柳林,2020-09-18,18.9,1.1,.6,87.6
192,柳林,2020-09-19,18.6,,1,74.5
192,柳林,2020-09-20,18.2,,.9,71.8
192,柳林,2020-09-21,17.5,,.8,71.1
192,柳林,2020-09-22,17.6,,1,75.6
192,柳林,2020-09-23,19.1,,1.1,70.5
192,柳林,2020-09-24,20.2,0,1.4,70.8
192,柳林,2020-09-25,19.9,,.9,74.6
192,柳林,2020-09-26,18.9,,.8,73.8
192,柳林,2020-09-27,18.4,,.9,75.5
192,柳林,2020-09-28,17,,.7,76
192,柳林,2020-09-29,17,,.6,78.1
192,柳林,2020-09-30,18.9,,.8,72.8
192,柳林,2020-10-01,19.3,,.8,75.4
192,柳林,2020-10-02,19.5,,.8,82.1
192,柳林,2020-10-03,20.6,0,.7,77.4
192,柳林,2020-10-04,19.5,.2,.6,82.8
192,柳林,2020-10-05,15.9,,1.8,52.1
192,柳林,2020-10-06,15.1,,.8,62.1
192,柳林,2020-10-07,17.4,,1.2,60.5
192,柳林,2020-10-08,18.2,,2.4,57
192,柳林,2020-10-09,18.8,,2.2,53.1
192,柳林,2020-10-10,18.3,,1.2,64.4
192,柳林,2020-10-11,16.2,,.8,72.8
192,柳林,2020-10-12,17.2,,.8,73
192,柳林,2020-10-13,14.2,,.8,63.1
192,柳林,2020-10-14,13.4,,.7,63.5
192,柳林,2020-10-15,14,,1,50.1
192,柳林,2020-10-16,12.1,0,.4,73.6
192,柳林,2020-10-17,14.2,,.6,71.3
192,柳林,2020-10-18,13.6,,.5,72
192,柳林,2020-10-19,12.8,,.6,69.4
192,柳林,2020-10-20,12.8,,.6,68.9
192,柳林,2020-10-21,13.4,27.6,.4,85
192,柳林,2020-10-22,14.8,.8,.6,77.6
192,柳林,2020-10-23,11.1,,1.4,53.1
192,柳林,2020-10-24,9.4,,.8,63.5
192,柳林,2020-10-25,10.8,,.6,74
192,柳林,2020-10-26,11.4,,.5,74
192,柳林,2020-10-27,11.7,,.4,73.8
192,柳林,2020-10-28,12.7,0,.4,80.9
192,柳林,2020-10-29,10.5,,.6,65
192,柳林,2020-10-30,10.7,,.5,69.1
192,柳林,2020-10-31,9.9,,.4,75.4
192,柳林,2020-11-01,11.7,.4,.4,82.9
192,柳林,2020-11-02,11.8,1.9,.5,79.6
192,柳林,2020-11-03,7.3,,2,57
192,柳林,2020-11-04,5.3,,.6,64.6
192,柳林,2020-11-05,7.5,,.4,63.5
192,柳林,2020-11-06,11,0,.4,74.4
192,柳林,2020-11-07,12.8,,.4,77.9
192,柳林,2020-11-08,10.2,,1.3,51
192,柳林,2020-11-09,8,,1.7,42.9
192,柳林,2020-11-10,7.8,,.7,56.8
192,柳林,2020-11-11,6.4,,.6,63.8
192,柳林,2020-11-12,7.5,,.5,72.5
192,柳林,2020-11-13,8.4,,.4,74.4
192,柳林,2020-11-14,9.8,,.4,82.3
192,柳林,2020-11-15,10.3,,.4,79.6
192,柳林,2020-11-16,11.3,,.5,73.4
192,柳林,2020-11-17,15.1,0,.5,77.3
192,柳林,2020-11-18,18.2,1.9,.9,86.5
192,柳林,2020-11-19,19.3,20.4,2,84.3
192,柳林,2020-11-20,9.7,,1,71.3
192,柳林,2020-11-21,8.9,,1,70.5
192,柳林,2020-11-22,9.6,1,.7,80.3
192,柳林,2020-11-23,6,,1.1,59
192,柳林,2020-11-24,5.7,,.7,59.8
192,柳林,2020-11-25,7,,.7,59.6
192,柳林,2020-11-26,7.6,,.6,62.5
192,柳林,2020-11-27,7.2,,1.2,60.3
192,柳林,2020-11-28,3.9,,1.3,51.3
192,柳林,2020-11-29,3.3,,.9,60.9
192,柳林,2020-11-30,4.1,,1.2,55.9
192,柳林,2020-12-01,2.2,,.8,52.4
192,柳林,2020-12-02,3,,.4,52.4
192,柳林,2020-12-03,3.7,,1.4,54.5
192,柳林,2020-12-04,2.1,,.8,48
192,柳林,2020-12-05,2.3,,.5,66.9
192,柳林,2020-12-06,2.4,,.4,73.1
192,柳林,2020-12-07,2.9,,.4,77.6
192,柳林,2020-12-08,2.3,,.6,61.9
192,柳林,2020-12-09,.8,,.5,63
192,柳林,2020-12-10,3.2,,.3,61.6
192,柳林,2020-12-11,4.8,,.4,73.3
192,柳林,2020-12-12,4.9,,1.3,53.5
192,柳林,2020-12-13,3.6,0,1.5,56
192,柳林,2020-12-14,-1.1,,2.5,33.8
192,柳林,2020-12-15,-2.6,,1.8,39.5
192,柳林,2020-12-16,-2.7,,1.5,51.4
192,柳林,2020-12-17,-2.2,,.8,58.8
192,柳林,2020-12-18,.2,,.9,59.3
192,柳林,2020-12-19,.4,,2.5,27.3
192,柳林,2020-12-20,.2,,1.2,47.4
192,柳林,2020-12-21,-1.3,,.4,68.4
192,柳林,2020-12-22,-.7,,.4,76.3
192,柳林,2020-12-23,.4,,.4,78.4
192,柳林,2020-12-24,4.3,,1.2,58.3
192,柳林,2020-12-25,1.7,,1.2,55
192,柳林,2020-12-26,1,,.5,65.8
192,柳林,2020-12-27,3.2,5.3,.4,83
192,柳林,2020-12-28,3.1,,.5,94.6
192,柳林,2020-12-29,3.9,3.8,.8,87
192,柳林,2020-12-30,-3.2,.1,2.8,49.9
192,柳林,2020-12-31,-2.5,,1.8,50.9
192,柳林,2021-01-01,-1.9,,1.2,65.3
192,柳林,2021-01-02,-.4,,1.2,56.5
192,柳林,2021-01-03,.1,,1.1,40.9
192,柳林,2021-01-04,-1.5,,.4,60.5
192,柳林,2021-01-05,-.4,,1.2,51.9
192,柳林,2021-01-06,-2.3,,1.1,48
192,柳林,2021-01-07,-6.9,,2.7,41.6
192,柳林,2021-01-08,-9.1,,1,48
192,柳林,2021-01-09,-7,,1,52.9
192,柳林,2021-01-10,-5.6,,.6,66.8
192,柳林,2021-01-11,-3.3,,.4,69.1
192,柳林,2021-01-12,-1.9,,.8,66.6
192,柳林,2021-01-13,3.4,,1.3,67.4
192,柳林,2021-01-14,3.3,,.5,69.9
192,柳林,2021-01-15,7.5,,1.2,74.8
192,柳林,2021-01-16,2.4,,1.3,48.6
192,柳林,2021-01-17,-1.6,,1.8,38.1
192,柳林,2021-01-18,-.8,.2,1.9,60.1
192,柳林,2021-01-19,-1.9,,.8,44
192,柳林,2021-01-20,-.4,,.5,64
192,柳林,2021-01-21,5.2,1.7,.6,77.8
192,柳林,2021-01-22,7,1.2,.5,97.5
192,柳林,2021-01-23,8.9,1.4,.8,87.9
192,柳林,2021-01-24,8,0,1.4,70.4
192,柳林,2021-01-25,6.3,,1,75.8
192,柳林,2021-01-26,4.7,10.3,.6,94.5
192,柳林,2021-01-27,4.1,,.9,61.5
192,柳林,2021-01-28,1.4,,2.3,58.1
192,柳林,2021-01-29,-2.3,,2.1,39.4
192,柳林,2021-01-30,-.3,,1.3,69.4
192,柳林,2021-01-31,3.1,1,.5,74.6
192,柳林,2021-02-01,7.5,16,1,84.5
192,柳林,2021-02-02,.4,,2.3,36
192,柳林,2021-02-03,-1.6,,.8,56.3
192,柳林,2021-02-04,2.4,,1,50.3
192,柳林,2021-02-05,1.2,,.7,52.5
192,柳林,2021-02-06,4.1,,.8,70.6
192,柳林,2021-02-07,6.4,,.8,65.1
192,柳林,2021-02-08,2.2,,2.1,28.6
192,柳林,2021-02-09,-.2,,.7,46.6
192,柳林,2021-02-10,1.9,,.5,57.9
192,柳林,2021-02-11,4,,.5,67.8
192,柳林,2021-02-12,5.9,,.4,63.9
192,柳林,2021-02-13,7,,.5,57.5
192,柳林,2021-02-14,8.8,3.7,.4,76.4
192,柳林,2021-02-15,6,0,1.3,66.1
192,柳林,2021-02-16,.7,0,1.9,57.5
192,柳林,2021-02-17,-3,,3.4,40.4
192,柳林,2021-02-18,-2.5,,1.8,47.1
192,柳林,2021-02-19,3.1,,1.7,57.6
192,柳林,2021-02-20,12.4,,2,61.6
192,柳林,2021-02-21,13.7,,1.8,58.6
192,柳林,2021-02-22,14.3,,1.8,55.3
192,柳林,2021-02-23,6.9,,1.1,29.5
192,柳林,2021-02-24,3.6,,.5,40.5
192,柳林,2021-02-25,4.3,2.6,.6,77.5
192,柳林,2021-02-26,8.7,2.4,1.5,67.9
192,柳林,2021-02-27,7.4,,1.6,58.6
192,柳林,2021-02-28,7.4,.2,.9,77.1
192,柳林,2021-03-01,11.1,38.6,1.2,95.4
192,柳林,2021-03-02,5.2,1.9,1.7,76.3
192,柳林,2021-03-03,3.8,,.7,71.6
192,柳林,2021-03-04,5.2,7.5,.5,90
192,柳林,2021-03-05,10.6,,.8,77.5
192,柳林,2021-03-06,7.6,,1.6,74.8
192,柳林,2021-03-07,6.4,,1.1,71
192,柳林,2021-03-08,7.3,,.8,71.5
192,柳林,2021-03-09,9.2,,.7,70
192,柳林,2021-03-10,8.4,,.9,63.8
192,柳林,2021-03-11,9.4,.7,.7,71.1
192,柳林,2021-03-12,9,25.2,1.4,90.1
192,柳林,2021-03-13,8.7,,.8,75
192,柳林,2021-03-14,9.2,,.6,74.1
192,柳林,2021-03-15,10.5,.3,.8,77.4
192,柳林,2021-03-16,13.9,1.8,.9,64.5
192,柳林,2021-03-17,9.2,,.7,61
192,柳林,2021-03-18,10.8,,1,72.6
192,柳林,2021-03-19,12.3,,1.7,62.6
192,柳林,2021-03-20,9.7,12.8,.8,92.9
192,柳林,2021-03-21,9.1,,2.2,54.9
192,柳林,2021-03-22,7.3,,2.4,40.6
192,柳林,2021-03-23,9.1,,1.3,55.8
192,柳林,2021-03-24,9.9,,1,67.4
192,柳林,2021-03-25,12.1,,.8,64.3
192,柳林,2021-03-26,12.4,,.8,58.4
192,柳林,2021-03-27,11.4,68.4,.9,90.9
192,柳林,2021-03-28,16,2,2,67.9
192,柳林,2021-03-29,13.6,,.8,59.4
192,柳林,2021-03-30,12.2,,.7,52.3
192,柳林,2021-03-31,12.1,,.7,65
192,柳林,2021-04-01,14,,1.8,53.3
192,柳林,2021-04-02,17.2,0,1.7,56.9
192,柳林,2021-04-03,,35.6,.6,91
192,柳林,2021-04-04,12.4,7.9,1.2,91.1
192,柳林,2021-04-05,10.5,,1.3,58.9
192,柳林,2021-04-06,11.3,,.7,60
192,柳林,2021-04-07,13.3,,1,58.6
192,柳林,2021-04-08,12.9,,.8,64.1
192,柳林,2021-04-09,10.5,,1.5,66
192,柳林,2021-04-10,10,,1,67.5
192,柳林,2021-04-11,11.5,,.9,58.4
192,柳林,2021-04-12,11.5,35.5,.6,88.8
192,柳林,2021-04-13,14.4,2.2,1.5,62.3
192,柳林,2021-04-14,10.4,,1.9,44.9
192,柳林,2021-04-15,9.6,,.8,58.1
192,柳林,2021-04-16,12.8,,1,73.4
192,柳林,2021-04-17,12.7,,1.9,55.3
192,柳林,2021-04-18,10.7,,1.5,52
192,柳林,2021-04-19,13.2,,1,50.1
192,柳林,2021-04-20,14.8,,.8,56.6
192,柳林,2021-04-21,17.1,,.7,57.1
192,柳林,2021-04-22,17.6,,.8,57.9
192,柳林,2021-04-23,18,,1.6,46.1
192,柳林,2021-04-24,16.4,,1,60
192,柳林,2021-04-25,15.9,,1.2,64.4
192,柳林,2021-04-26,12.7,,1,58.9
192,柳林,2021-04-27,13.3,,.8,70.4
192,柳林,2021-04-28,16.7,,1,70.1
192,柳林,2021-04-29,17.7,0,1.7,53.1
192,柳林,2021-04-30,16.4,1,3.3,47.1
192,柳林,2021-05-01,10.6,10.2,1.2,78.8
192,柳林,2021-05-02,11.6,,1.3,68.9
192,柳林,2021-05-03,13.9,,1.2,69.5
192,柳林,2021-05-04,16.2,50.5,1.2,90.5
192,柳林,2021-05-05,16.8,,1.6,56.5
192,柳林,2021-05-06,13.8,,.8,59.3
192,柳林,2021-05-07,16.4,,1.4,69
192,柳林,2021-05-08,15.6,,1.5,60.4
192,柳林,2021-05-09,17,,1.1,50.8
192,柳林,2021-05-10,16.2,0,1,55
192,柳林,2021-05-11,16.7,,1.3,65.8
192,柳林,2021-05-12,19.5,,1.5,60.1
192,柳林,2021-05-13,21,,1.2,67.4
192,柳林,2021-05-14,21.3,,1,74
192,柳林,2021-05-15,19.8,11.7,.5,94.1
192,柳林,2021-05-16,20.9,16.8,1,96.1
192,柳林,2021-05-17,18.5,1.3,1.1,95.9
192,柳林,2021-05-18,17.8,2.2,.8,89.5
192,柳林,2021-05-19,20.8,,1,70.5
192,柳林,2021-05-20,15.9,21.8,.6,96.5
192,柳林,2021-05-21,17.8,,2.2,71.1
192,柳林,2021-05-22,19,,.9,74.8
192,柳林,2021-05-23,21.1,0,1,71.3
192,柳林,2021-05-24,21.2,.7,1,72.4
192,柳林,2021-05-25,17.7,0,1.7,57
192,柳林,2021-05-26,16.8,0,.9,61.6
192,柳林,2021-05-27,17.5,1.1,1.4,77.9
192,柳林,2021-05-28,17.5,0,1.4,75.1
192,柳林,2021-05-29,18.4,,1,73.4
192,柳林,2021-05-30,19.2,,1,67.9
192,柳林,2021-05-31,20.2,.6,1,69.6
192,柳林,2021-06-01,20.7,,.8,66.3
192,柳林,2021-06-02,20.9,,.8,72.8
192,柳林,2021-06-03,18.4,21,.3,96.8
192,柳林,2021-06-04,20.6,1.6,1,69.4
192,柳林,2021-06-05,19.8,,1.2,79
192,柳林,2021-06-06,21.7,,1.3,78
192,柳林,2021-06-07,22,,.9,78.5
192,柳林,2021-06-08,23.5,,1,75.9
192,柳林,2021-06-09,23.6,,.8,69.4
192,柳林,2021-06-10,22.4,0,.9,76.4
192,柳林,2021-06-11,21.3,33.1,.7,95.1
192,柳林,2021-06-12,23.6,,.9,86.8
192,柳林,2021-06-13,24.3,,.9,84.9
192,柳林,2021-06-14,23.1,,.7,85
192,柳林,2021-06-15,20.9,27.5,.6,93.1
192,柳林,2021-06-16,21.2,2.4,1.3,82.5
192,柳林,2021-06-17,21.5,2.3,.9,81.6
192,柳林,2021-06-18,20.8,4.9,.7,92.5
192,柳林,2021-06-19,23.3,,.8,74.8
192,柳林,2021-06-20,23.3,,1,78.8
192,柳林,2021-06-21,23.9,,1.2,68
192,柳林,2021-06-22,21.3,8,.7,85.1
192,柳林,2021-06-23,21.1,.1,.8,86.3
192,柳林,2021-06-24,21.8,,.8,81.3
192,柳林,2021-06-25,22.3,,.9,78.5
192,柳林,2021-06-26,22.2,.7,.7,78.1
192,柳林,2021-06-27,23,,.8,76.9
192,柳林,2021-06-28,24.5,0,1,75.3
192,柳林,2021-06-29,23.8,.1,.9,77.3
192,柳林,2021-06-30,23.8,,.9,77.5
192,柳林,2021-07-01,24.9,,.8,75.8
192,柳林,2021-07-02,25.1,,.9,74.8
192,柳林,2021-07-03,22.6,58.7,.8,90.4
192,柳林,2021-07-04,25.6,20.2,2.1,82.4
192,柳林,2021-07-05,21.8,39.6,.6,96
192,柳林,2021-07-06,23.2,142.7,.9,98.3
192,柳林,2021-07-07,24.9,65.3,.8,96.3
192,柳林,2021-07-08,25.6,4.8,.7,93.8
192,柳林,2021-07-09,26.1,9,1,90.1
192,柳林,2021-07-10,26,,1,86
192,柳林,2021-07-11,27.1,,1,85.4
192,柳林,2021-07-12,27.6,,1,85.5
192,柳林,2021-07-13,27.5,,.9,86.3
192,柳林,2021-07-14,27.8,,.9,85.5
192,柳林,2021-07-15,26.8,,.8,87.8
192,柳林,2021-07-16,24.7,16.2,.7,91.9
192,柳林,2021-07-17,25.2,.2,1.4,84.6
192,柳林,2021-07-18,26,,1.3,81.3
192,柳林,2021-07-19,26.2,1.1,.6,86.1
192,柳林,2021-07-20,26.9,0,.6,84.9
192,柳林,2021-07-21,27,,.9,80.3
192,柳林,2021-07-22,26.7,,.9,80
192,柳林,2021-07-23,26.9,,.8,80.1
192,柳林,2021-07-24,27.3,,.8,80.4
192,柳林,2021-07-25,26.8,,1.1,78.5
192,柳林,2021-07-26,26.4,,1.2,77.1
192,柳林,2021-07-27,26.9,,.8,77.8
192,柳林,2021-07-28,27.8,,.8,78.5
192,柳林,2021-07-29,27.7,,1,78
192,柳林,2021-07-30,27.4,,.9,80
192,柳林,2021-07-31,28.9,1.5,.8,83.4
192,柳林,2021-08-01,28.9,,.9,81.5
192,柳林,2021-08-02,28.3,,1,81.1
192,柳林,2021-08-03,27.7,,.9,81.6
192,柳林,2021-08-04,28.6,,.8,75.5
192,柳林,2021-08-05,29,,.7,75.6
192,柳林,2021-08-06,29.1,,.8,72
192,柳林,2021-08-07,29.1,78.8,1,73.3
192,柳林,2021-08-08,25.4,.5,.8,88.1
192,柳林,2021-08-09,27.8,0,1.1,72.6
192,柳林,2021-08-10,26.3,0,1.1,81.9
192,柳林,2021-08-11,25.5,,1,84.6
192,柳林,2021-08-12,25.6,.5,.8,84
192,柳林,2021-08-13,25.3,.5,.7,86.9
192,柳林,2021-08-14,23.3,11.2,.8,88.1
192,柳林,2021-08-15,25,,1.2,77
192,柳林,2021-08-16,24.6,0,1.1,76.3
192,柳林,2021-08-17,24.5,0,1.3,75.9
192,柳林,2021-08-18,24.5,,1.3,75.8
192,柳林,2021-08-19,24.5,12,1.1,77.6
192,柳林,2021-08-20,24.2,.3,.8,84.5
192,柳林,2021-08-21,23.1,72.7,1.1,95.8
192,柳林,2021-08-22,25.6,,.9,85.1
192,柳林,2021-08-23,23.3,102.3,.8,97.6
192,柳林,2021-08-24,26,20.7,1.4,91.1
192,柳林,2021-08-25,25,8.1,.6,95.1
192,柳林,2021-08-26,26.1,,.7,85.5
192,柳林,2021-08-27,25.4,1,.8,88.6
192,柳林,2021-08-28,26,0,.8,82.3
192,柳林,2021-08-29,25.6,9.9,.7,91
192,柳林,2021-08-30,26.5,1.7,.6,85.8
192,柳林,2021-08-31,26.2,,.8,84.4
192,柳林,2021-09-01,25.8,.4,1,89
192,柳林,2021-09-02,21.8,5.1,.7,92.1
192,柳林,2021-09-03,20.6,.6,.9,92.6
192,柳林,2021-09-04,22.5,,.8,82.9
192,柳林,2021-09-05,21.4,.5,.6,83.4
192,柳林,2021-09-06,21.1,3.2,.6,90.5
192,柳林,2021-09-07,21.7,.5,.6,92.5
192,柳林,2021-09-08,23.6,,.6,82.6
192,柳林,2021-09-09,22.4,,.6,84.8
192,柳林,2021-09-10,21.2,1,.5,91.9
192,柳林,2021-09-11,23.2,,.8,84.5
192,柳林,2021-09-12,23.2,,.6,86
192,柳林,2021-09-13,22.9,,1,78.1
192,柳林,2021-09-14,21.5,4.2,1.1,82.1
192,柳林,2021-09-15,23.4,,1.9,64.3
192,柳林,2021-09-16,20.8,1.6,.7,83.8
192,柳林,2021-09-17,20.8,14,1.7,85.3
192,柳林,2021-09-18,22,,.6,79.1
192,柳林,2021-09-19,21.4,,.7,80.6
192,柳林,2021-09-20,21.8,0,1,83.9
192,柳林,2021-09-21,23.3,8,1.2,89.3
192,柳林,2021-09-22,21.9,1.8,1.3,83.4
192,柳林,2021-09-23,20.4,,.6,77.8
192,柳林,2021-09-24,19.9,,.8,78.4
192,柳林,2021-09-25,20.6,0,.9,83.5
192,柳林,2021-09-26,21.5,,1,73
192,柳林,2021-09-27,21.6,,.9,73.6
192,柳林,2021-09-28,21.7,.2,.5,83.4
192,柳林,2021-09-29,22.2,51.4,.6,96.6
192,柳林,2021-09-30,21.7,29.9,.7,88.9
192,柳林,2021-10-01,20.8,,.6,83.8
192,柳林,2021-10-02,21.5,,.6,83.3
192,柳林,2021-10-03,20.6,,.5,85.3
192,柳林,2021-10-04,23,,.9,84.9
192,柳林,2021-10-05,23.1,,.7,87.4
192,柳林,2021-10-06,22.3,,.6,82.8
192,柳林,2021-10-07,22.3,,.6,83.6
192,柳林,2021-10-08,22.5,0,.7,84.4
192,柳林,2021-10-09,22.5,,.6,83.8
192,柳林,2021-10-10,23.2,13.2,1,86.1
192,柳林,2021-10-11,18.6,19.8,.9,95.9
192,柳林,2021-10-12,16.3,6.7,1.1,92.6
192,柳林,2021-10-13,18.9,,.8,81.8
192,柳林,2021-10-14,19.7,,.5,86.3
192,柳林,2021-10-15,19.2,.4,.5,83
192,柳林,2021-10-16,14.6,6.1,1.3,69.1
192,柳林,2021-10-17,8,,1.6,52.1
192,柳林,2021-10-18,8.6,,.6,66.1
192,柳林,2021-10-19,11.6,,1.1,69.1
192,柳林,2021-10-20,9.6,,.6,73.6
192,柳林,2021-10-21,11,,.6,79.5
192,柳林,2021-10-22,10.7,,1.3,64.3
192,柳林,2021-10-23,10.3,,.5,74.6
192,柳林,2021-10-24,11.1,,.5,79.3
192,柳林,2021-10-25,11.6,,.6,76.8
192,柳林,2021-10-26,10.9,,.4,76.9
192,柳林,2021-10-27,12.3,,.5,78.6
192,柳林,2021-10-28,11.3,,.6,72.9
192,柳林,2021-10-29,11.8,,.6,76.4
192,柳林,2021-10-30,11.9,,.4,81.8
192,柳林,2021-10-31,12.1,,.5,80.4
192,柳林,2021-11-01,12.2,,.4,77.1
192,柳林,2021-11-02,10.5,,.5,78.4
192,柳林,2021-11-03,10.3,,.5,75.9
192,柳林,2021-11-04,11,,.4,80.5
192,柳林,2021-11-05,10.7,,.4,80
192,柳林,2021-11-06,11.9,,.7,77.1
192,柳林,2021-11-07,13.2,,.9,76.3
192,柳林,2021-11-08,9.2,29.5,.6,90.6
192,柳林,2021-11-09,7.5,,2.3,71.6
192,柳林,2021-11-10,9.1,0,2.1,69.5
192,柳林,2021-11-11,8.5,,1.2,75.3
192,柳林,2021-11-12,5.9,,1,76
192,柳林,2021-11-13,6.7,,.6,83.3
192,柳林,2021-11-14,8.1,,.6,82.1
192,柳林,2021-11-15,8.2,,.4,82.6
192,柳林,2021-11-16,8.3,,.4,78
192,柳林,2021-11-17,7.2,,.4,73.8
192,柳林,2021-11-18,7.9,,.4,77.6
192,柳林,2021-11-19,8.5,,.4,79.5
192,柳林,2021-11-20,8.8,,.3,83.3
192,柳林,2021-11-21,10.3,,.2,86.4
192,柳林,2021-11-22,8.2,0,2,59
192,柳林,2021-11-23,4.4,,1.2,66.6
192,柳林,2021-11-24,8.7,0,2.3,63.5
192,柳林,2021-11-25,9.2,,1.3,65.5
192,柳林,2021-11-26,5.4,,.6,61.8
192,柳林,2021-11-27,3.4,,.5,66.5
192,柳林,2021-11-28,4.3,,.4,66.4
192,柳林,2021-11-29,6,,.4,71.4
192,柳林,2021-11-30,7.1,14.8,1,82.4
192,柳林,2021-12-01,3.5,,2.7,49.4
192,柳林,2021-12-02,1.4,,.6,64.6
192,柳林,2021-12-03,6.3,,1.7,56.5
192,柳林,2021-12-04,3.5,,.8,63.5
192,柳林,2021-12-05,3.6,,.4,75.9
192,柳林,2021-12-06,6.6,,.3,80.4
192,柳林,2021-12-07,6.6,,.6,71.6
192,柳林,2021-12-08,4.9,,.4,76.3
192,柳林,2021-12-09,5.6,,.3,82
192,柳林,2021-12-10,6.6,,.3,86.4
192,柳林,2021-12-11,6.8,,.2,81.1
192,柳林,2021-12-12,6,,1.3,62
192,柳林,2021-12-13,.4,,.8,46.5
192,柳林,2021-12-14,-.2,,.4,66.4
192,柳林,2021-12-15,3.8,,.7,81.4
192,柳林,2021-12-16,5.1,1.9,.2,94.4
192,柳林,2021-12-17,1.3,,2.8,54.3
192,柳林,2021-12-18,-2.5,,1,40.6
192,柳林,2021-12-19,.7,,1.1,64.4
192,柳林,2021-12-20,4.6,,1.1,65.6
192,柳林,2021-12-21,4.6,,.5,74.3
192,柳林,2021-12-22,2.7,,.3,68.8
192,柳林,2021-12-23,1.7,,.3,62.6
192,柳林,2021-12-24,2.4,,.5,66.5
192,柳林,2021-12-25,-2.7,,2.8,32.5
192,柳林,2021-12-26,-4.8,,1.9,33.9
192,柳林,2021-12-27,-3.1,,.9,56.3
192,柳林,2021-12-28,-.1,,.5,70.8
192,柳林,2021-12-29,2.4,,1.4,67.1
192,柳林,2021-12-30,1.4,,2.1,51.4
192,柳林,2021-12-31,-.2,,2.5,33.3
192,柳林,2022-01-01,-2,,.5,42
192,柳林,2022-01-02,-.7,,.8,56.4
192,柳林,2022-01-03,-.7,,.5,56.3
192,柳林,2022-01-04,.1,,.5,62.5
192,柳林,2022-01-05,2.2,,.4,41.5
192,柳林,2022-01-06,3,0,.8,45.6
192,柳林,2022-01-07,-1.2,,.3,55.5
192,柳林,2022-01-08,-1.1,,.4,55.8
192,柳林,2022-01-09,.6,,.3,70
192,柳林,2022-01-10,1.9,,.4,71.4
192,柳林,2022-01-11,.1,,2.3,44.4
192,柳林,2022-01-12,-2.2,,1.1,42
192,柳林,2022-01-13,-2.4,,2,43.8
192,柳林,2022-01-14,-3,,.5,47.5
192,柳林,2022-01-15,-.3,,.4,50
