datetime,temperature,rain,wind,humidity,discomfort_index,perceived_temperature
2016-02-01,-0.6,0.0,1.3,43.9,39.275534,0.6415480875294988
2016-02-02,-2.3,0.0,0.8,47.5,36.562925,-0.16063350804215093
2016-02-03,-1.7,0.0,0.6,57.1,35.796707,0.964631488441028
2016-02-04,-0.2,0.0,0.7,53.4,38.396068,2.181494415576727
2016-02-05,1.3,0.0,1.0,44.4,41.575228,3.0734
2016-02-11,6.1,0.0,1.0,57.1,46.523969,7.9597999999999995
2016-02-12,9.2,62.8,1.1,88.0,49.18304,10.996936831685803
2016-02-15,-1.5,0.0,1.8,38.4,39.02356,-0.9568456012102347
2016-02-16,0.2,0.0,1.8,59.6,38.057208,0.8402225596369
2016-02-17,1.7,0.0,1.1,49.8,41.393734,3.3162407092369697
2016-02-18,2.3,0.0,1.1,61.8,40.732786000000004,3.9306963990328776
2016-02-19,5.0,0.0,0.9,58.9,44.84285,6.996925081667167
2016-02-22,3.4,0.0,0.7,45.5,44.07903,5.767116320077945
2016-02-23,5.5,0.0,1.8,39.5,47.257275,6.442846825807379
2016-02-24,1.4,0.0,1.6,29.9,43.572714000000005,2.3305522511211247
2016-02-25,0.8,0.0,1.7,32.8,42.517376,1.5850250234563696
2016-02-26,1.8,0.0,0.9,61.0,40.12202,3.760534833317693
2016-02-29,-0.2,0.0,2.7,43.8,39.787876,-0.42567890737230973
2016-03-02,3.8,0.0,1.3,49.6,44.151151999999996,5.195542281698645
2016-03-03,6.7,0.0,1.1,61.9,46.981127,8.436704790869525
2016-03-04,8.2,36.1,0.8,88.4,47.477112,10.382348262145523
2016-03-07,11.0,0.0,1.1,67.8,52.89802,12.840303901073518
2016-03-08,8.0,3.3,1.3,65.1,48.62662,9.542536739769194
2016-03-09,5.2,6.8,1.3,56.6,45.331968,6.64454043438883
2016-03-10,3.0,0.0,2.1,33.0,44.9911,3.5208162821164457
2016-03-11,2.0,0.0,1.5,34.1,43.71888,3.077076404874828
2016-03-14,5.5,0.0,1.4,50.5,46.283225,6.840732931235303
2016-03-15,5.9,0.0,1.0,49.1,46.925631,7.7562000000000015
2016-03-16,8.4,0.0,1.2,53.1,49.926496,10.063224888419624
2016-03-17,9.3,0.0,1.1,55.3,51.016571,11.099346113318452
2016-03-18,9.8,27.6,0.5,89.3,50.131986,12.512063861653775
2016-03-21,9.3,0.0,1.1,62.5,50.649875,11.099346113318452
2016-03-22,9.6,0.0,1.0,64.5,50.98258,11.522799999999998
2016-03-23,10.5,0.0,1.3,52.3,52.762685000000005,12.130033441001665
2016-03-24,8.3,0.0,2.0,45.6,50.249152,9.25183134715763
2016-03-25,6.8,2.8,1.2,70.8,46.449856,8.415645948351134
2016-03-28,8.4,0.0,1.0,49.9,50.117984,10.301200000000003
2016-03-29,10.7,0.0,1.8,60.0,52.7428,11.939761200163321
2016-03-30,13.8,0.0,1.3,53.6,57.136032,15.545529086628525
2016-03-31,12.0,0.0,0.9,61.9,54.52202,14.076528749931645
2016-04-01,13.6,0.0,1.1,57.3,56.836972,15.502945223522449
2016-04-04,11.2,2.6,1.0,81.9,52.741372,13.151600000000002
2016-04-05,12.4,0.0,0.9,66.8,54.991968,14.48107753097533
2016-04-06,11.8,26.1,1.0,64.9,54.158918,13.762400000000003
2016-04-07,12.2,28.7,0.7,82.5,54.34885,14.531969864414252
2016-04-08,15.0,0.0,1.0,60.3,58.78165,17.020000000000003
2016-04-11,10.8,0.0,1.7,66.0,52.66672,12.116358783408193
2016-04-12,11.5,3.1,1.2,58.6,53.90681,13.255409084802316
2016-04-14,17.1,0.0,1.3,57.6,61.665304000000006,18.961024732255385
2016-04-15,12.9,0.0,1.2,59.3,55.842303,14.697040657362239
2016-04-18,14.4,0.0,1.7,43.0,57.945080000000004,15.90763893699085
2016-04-19,13.5,0.0,1.8,46.5,56.800225,14.899638170970368
2016-04-20,13.5,0.0,1.2,58.8,56.68522,15.314882759887922
2016-04-21,13.8,33.2,0.7,89.0,56.910180000000004,16.125579599748125
2016-04-22,17.0,0.0,1.3,70.9,61.86377,18.857524864206084
2016-04-25,15.4,0.0,1.1,51.6,59.262136,17.346312292910167
2016-04-26,16.3,1.2,1.2,61.4,60.630918,18.198145905007777
2016-04-27,11.4,42.9,1.9,84.5,52.98717,12.614347915124107
2016-04-28,14.1,5.0,0.9,77.1,57.458089,16.20040985041099
2016-04-29,15.0,0.0,1.3,63.3,58.79815,16.78752750322011
2016-05-02,17.8,0.0,1.5,74.8,63.202856,19.58136802313905
2016-05-03,16.6,80.6,4.4,66.6,61.167244,17.367920921512425
2016-05-04,17.8,0.0,4.2,32.4,61.794328,18.757336354998326
2016-05-09,17.6,0.0,0.8,54.9,62.271076,19.820827180218295
2016-05-10,14.4,31.3,1.0,86.0,57.92616,16.409200000000002
2016-05-11,15.8,0.1,1.1,72.3,60.068266,17.755949419440775
2016-05-12,17.6,0.0,1.5,63.4,62.536616,19.372452939363555
2016-05-13,16.2,0.0,1.2,71.8,60.669883999999996,18.095172221253492
2016-05-16,15.1,6.0,1.8,58.1,58.908069,16.590996440002964
2016-05-17,16.4,0.0,1.0,53.8,60.625568,18.4452
2016-05-18,19.3,0.0,1.0,56.8,64.663376,21.3974
2016-05-19,19.0,0.0,0.9,58.6,64.33286000000001,21.156132418196123
2016-05-20,19.3,0.0,1.0,55.4,64.596078,21.3974
2016-05-23,19.8,0.0,1.1,56.8,65.349536,21.852320684746815
2016-05-24,18.7,25.6,1.1,86.5,65.09124499999999,20.72581858678765
2016-05-25,19.3,0.0,0.9,68.1,65.206567,21.459544003978888
2016-05-26,20.6,0.0,0.9,64.9,66.941006,22.774327542370862
2016-05-27,22.5,0.0,1.1,56.8,69.0548,24.61737128882839
2016-05-30,21.5,0.0,1.1,58.9,67.829165,23.593278472501883
2016-05-31,21.2,0.0,0.8,62.4,67.64531199999999,23.435563787139785
2016-06-01,20.4,0.0,1.4,57.4,66.208304,22.335702319618633
2016-06-02,18.9,0.0,1.2,56.0,64.07916,20.87546168261906
2016-06-03,20.7,0.0,1.2,54.5,66.442185,22.728987990196114
2016-06-07,21.1,0.0,1.0,76.9,68.457941,23.229800000000004
2016-06-08,21.2,0.0,0.9,80.0,68.82239999999999,23.381150713936385
2016-06-09,21.7,0.0,1.1,76.9,69.400727,23.798097035767185
2016-06-10,22.5,0.0,1.2,71.5,70.227125,24.58251429777316
2016-06-13,23.2,0.0,1.3,73.4,71.454312,25.27451668326261
2016-06-14,23.0,0.0,1.6,70.4,70.89287999999999,24.98823510537759
2016-06-15,21.9,0.0,1.3,78.6,69.84046599999999,23.92901839862173
2016-06-16,23.8,0.0,1.4,65.6,71.653872,25.871467146498055
2016-06-17,22.4,0.0,1.2,62.9,69.398004,24.47954061401888
2016-06-20,22.8,5.2,1.0,84.6,71.76611199999999,24.9604
2016-06-21,22.6,2.0,0.8,86.0,71.54964000000001,24.84129468983147
2016-06-22,21.5,11.8,0.7,88.3,69.882755,23.794826451042397
2016-06-23,23.7,0.0,1.1,71.6,72.05770799999999,25.84628266842021
2016-06-24,22.5,73.6,1.3,79.9,70.897025,24.550017606917518
2016-06-27,20.4,0.1,0.7,81.8,67.646928,22.699219758000357
2016-06-28,21.3,0.0,0.9,73.0,68.50751,23.48228790919731
2016-06-29,21.6,1.7,1.0,78.4,69.349856,23.738800000000005
2016-06-30,23.5,0.0,1.4,78.3,72.354595,25.55948789706752
2016-07-01,23.9,43.1,1.4,84.6,73.578406,25.975460229641563
2016-07-04,23.8,0.5,0.6,88.3,73.75634600000001,26.130127702608597
2016-07-05,26.5,0.1,1.8,80.9,77.420415,28.641924106860227
2016-07-06,26.4,9.3,1.5,78.6,76.987096,28.564716625485396
2016-07-07,25.9,0.0,1.0,78.1,76.136321,28.116200000000003
2016-07-08,25.5,0.0,1.3,74.9,75.152805,27.655013648396483
2016-07-11,24.4,2.2,0.8,84.9,74.43174400000001,26.648662993292213
2016-07-12,24.2,4.2,1.0,86.8,74.285144,26.385600000000004
2016-07-13,25.8,0.0,0.9,80.1,76.202842,28.033461695938755
2016-07-14,26.7,0.0,1.3,67.1,76.068243,28.89701206498807
2016-07-15,25.0,0.0,1.3,64.9,73.33205000000001,27.13751430814999
2016-07-18,24.3,0.0,0.9,72.6,73.06658200000001,26.51640376702494
2016-07-19,24.7,0.0,0.9,74.5,73.87098499999999,26.92095254806862
2016-07-20,24.5,0.0,0.9,67.8,72.89448999999999,26.718678157546783
2016-07-21,24.3,0.0,1.0,71.8,72.98852600000001,26.487400000000004
2016-07-22,24.0,0.0,0.8,75.5,72.8823,26.247025592523165
2016-07-25,28.0,28.4,1.2,76.4,79.23288,30.246066904258583
2016-07-26,28.0,0.0,1.4,74.5,78.9779,30.23917663852557
2016-07-27,28.6,0.0,1.5,71.6,79.500024,30.86278254701586
2016-07-28,28.7,0.0,1.6,73.6,79.934168,30.96734585858416
2016-07-29,28.6,0.0,1.4,74.6,79.920444,30.863135137386642
2016-08-01,26.8,1.6,1.0,73.9,77.047448,29.032400000000006
2016-08-02,25.9,10.2,1.0,78.9,76.227049,28.116200000000003
2016-08-03,26.1,0.5,0.9,78.3,76.476037,28.33687328172152
2016-08-04,27.1,0.0,1.2,73.6,77.47234399999999,29.319303750470063
2016-08-05,27.7,0.0,1.2,69.8,77.89685399999999,29.93714585299574
2016-08-08,27.5,0.4,1.0,73.0,78.01025,29.745000000000005
2016-08-09,27.4,0.0,1.0,73.8,77.959588,29.6432
2016-08-10,29.1,0.0,1.1,67.0,79.59203,31.37638387658336
2016-08-11,29.9,0.0,1.0,67.1,80.78597099999999,32.1882
2016-08-12,30.5,0.0,1.1,66.3,81.543385,32.810113819440474
2016-08-16,27.1,0.0,0.8,76.0,77.77304000000001,29.359715448483335
2016-08-17,26.8,13.9,0.9,78.3,77.585656,29.04483364854797
2016-08-18,27.2,0.0,1.0,71.6,77.373648,29.439600000000002
2016-08-19,27.5,0.0,0.9,68.9,77.480325,29.752794015374413
2016-08-22,28.4,0.2,1.2,65.3,78.32584800000001,30.657961639275705
2016-08-23,26.8,1.1,0.9,73.0,76.93736,29.04483364854797
2016-08-24,26.9,0.0,1.3,59.0,75.36429,29.104011801086664
2016-08-25,26.6,0.0,1.0,69.0,76.14946,28.828800000000008
2016-08-26,22.1,3.8,1.1,80.6,70.309674,24.20773416229779
2016-08-29,21.1,0.1,1.8,61.1,67.416879,22.93358994887521
2016-08-30,22.0,0.0,2.1,55.1,68.24148,23.812363410319946
2016-08-31,24.8,0.0,4.3,43.6,70.857872,26.59243789006944
2016-09-01,25.0,20.8,1.8,64.3,73.26935,27.056275729642163
2016-09-02,19.2,76.4,0.8,89.8,66.079784,21.427376783294513
2016-09-05,24.9,0.5,0.6,82.9,75.04997900000001,27.21569812753347
2016-09-06,24.2,0.0,0.7,81.4,73.763612,26.484042879418304
2016-09-07,23.6,0.0,0.6,79.5,72.62188,25.932751261713165
2016-09-08,23.3,0.0,0.8,68.1,71.143327,25.544160141177322
2016-09-09,23.1,0.0,0.8,74.0,71.35206,25.34334144079279
2016-09-12,20.3,8.5,0.7,84.9,67.664653,22.59961914954199
2016-09-13,21.8,0.0,0.9,74.6,69.390372,23.987973885501916
2016-09-19,20.7,0.0,2.3,62.5,66.937625,22.37178244326673
2016-09-20,18.9,0.0,2.2,57.0,64.12326999999999,20.469028653608603
2016-09-21,18.0,0.0,1.0,68.4,63.287679999999995,20.074000000000005
2016-09-22,19.0,0.0,0.7,75.0,65.0725,21.304811239583216
2016-09-23,19.8,0.0,0.8,74.1,66.266782,22.029832884448094
2016-09-26,21.7,3.8,0.5,82.4,69.795792,24.13095540506677
2016-09-27,24.1,0.0,0.8,82.0,73.65938,26.34743494271543
2016-09-28,22.0,16.7,0.5,90.0,70.852,24.423868637253655
2016-09-29,18.7,4.0,0.8,86.4,65.087032,20.925330032333193
2016-09-30,17.0,30.7,0.7,88.5,62.30905,19.31279907041587
2016-10-04,21.8,1.9,1.3,72.1,69.20832200000001,23.82551853057243
2016-10-05,20.0,82.2,2.2,81.4,66.977,21.647471606726675
2016-10-06,18.9,0.0,0.7,68.5,64.630535,21.205210631124846
2016-10-07,18.3,1.6,0.7,79.9,64.17278300000001,20.607606980374648
2016-10-10,14.4,0.0,0.8,69.9,57.933244,16.607727974065863
2016-10-11,14.3,0.0,0.4,78.4,57.770888,17.0846945249693
2016-10-12,15.6,0.0,0.7,69.9,59.735656,17.918390551998733
2016-10-13,15.2,0.0,0.3,79.1,59.203668,18.159822520253247
2016-10-14,14.8,0.0,0.5,72.1,58.541792,17.393951064768483
2016-10-17,18.0,0.0,0.6,84.3,63.847359999999995,20.406210916641072
2016-10-18,16.7,0.0,0.6,78.6,61.582138,19.12326405082076
2016-10-19,16.7,0.0,0.4,79.6,61.604468,19.398128387837033
2016-10-20,16.2,0.0,0.6,78.1,60.779378,18.62982294858218
2016-10-21,16.5,0.0,1.1,70.3,61.095605,18.472814390869328
2016-10-24,14.8,0.0,1.1,63.4,58.511168,16.731856603114263
2016-10-25,14.9,3.5,0.7,82.6,58.741526,17.221186292790165
2016-10-26,13.9,0.0,0.6,77.6,57.140736000000004,16.35999387828472
2016-10-27,14.2,0.0,0.9,70.6,57.631147999999996,16.30154704567191
2016-10-28,14.0,10.7,1.0,81.4,57.28184,16.002
2016-10-31,7.9,0.7,0.5,80.9,47.457489,10.656946724470188
2016-11-01,6.0,0.0,1.7,50.9,46.904759999999996,7.061318578631319
2016-11-02,5.5,0.0,1.1,56.3,45.769635,7.207793411277709
2016-11-03,7.7,0.0,0.7,73.1,47.656113000000005,10.04994248378773
2016-11-04,9.6,0.0,0.9,69.0,50.766760000000005,11.649236063669537
2016-11-07,12.4,0.0,0.7,71.9,54.888744,14.731171081330984
2016-11-08,11.1,0.0,1.5,54.8,53.476572000000004,12.58271271665992
2016-11-09,5.8,0.0,1.1,46.9,46.984297999999995,7.515021256175663
2016-11-10,9.2,0.0,0.9,64.3,50.413544,11.244687282625856
2016-11-11,9.0,0.0,0.7,69.5,49.84395,11.344750393746503
2016-11-14,14.3,4.0,0.6,90.4,57.753728,16.754746760075577
2016-11-15,11.3,0.0,1.0,56.0,53.709720000000004,13.2534
2016-11-16,6.7,0.0,0.5,61.0,47.05013,9.48529379572266
2016-11-17,9.1,0.0,0.7,61.9,50.395871,11.44435100220487
2016-11-18,9.8,25.0,0.5,81.6,50.486032,12.512063861653775
2016-11-21,10.7,0.0,0.3,82.6,51.905018,13.891454469602294
2016-11-22,8.8,0.0,1.3,58.4,50.164608,10.370535684163583
2016-11-23,6.5,0.0,1.4,32.9,48.977415,7.880663762670427
2016-11-24,3.1,0.0,2.4,33.5,45.048615,3.3810210811007155
2016-11-25,3.2,0.0,0.8,50.3,43.292604,5.361880752532345
2016-11-28,3.9,0.0,0.8,61.5,43.039015,6.064746203878189
2016-11-29,3.7,0.0,1.0,56.0,43.34028,5.5166
2016-11-30,7.0,4.5,0.6,71.0,46.737300000000005,9.550506667392316
2016-12-01,7.3,0.0,1.2,59.1,48.032857,8.930514367122536
2016-12-02,2.6,0.0,0.5,60.9,41.264866,5.4821462891685995
2016-12-05,6.4,0.0,0.5,76.1,45.423396000000004,9.192380563535776
2016-12-06,3.6,0.0,1.2,40.0,44.9216,5.12048806821416
2016-12-07,0.4,0.0,0.6,68.4,37.113664,3.037084117843062
2016-12-08,3.2,0.0,0.7,70.4,41.055071999999996,5.567915103161209
2016-12-09,6.9,0.0,1.6,49.9,48.161969,8.099869644566057
2016-12-12,3.7,0.0,0.5,54.9,43.457287,6.556161473853835
2016-12-13,6.2,0.0,0.7,64.0,46.09832,8.555933356912222
2016-12-14,2.7,0.0,1.3,48.1,42.894413,4.057043733156359
2016-12-15,-0.2,0.0,1.9,47.6,39.236952,0.30809903569839214
2016-12-16,-1.2,0.0,1.1,35.8,39.783296,0.3463715418900883
2016-12-19,5.9,11.0,0.5,86.6,43.753506,8.704191843224308
2016-12-20,8.2,0.0,0.7,81.5,47.90367,10.547945526079566
2016-12-21,6.8,45.7,0.7,87.5,45.186,9.153537007662427
2016-12-22,11.5,11.0,2.8,65.1,53.717335,12.237383224645358
2016-12-23,4.1,0.0,1.8,49.4,44.561946,4.962908340403857
2016-12-26,5.7,15.3,0.7,86.0,43.47198,8.057930314620389
2016-12-27,3.7,1.0,2.2,47.8,44.212514,4.1850896650679985
2016-12-28,-0.5,0.0,0.7,55.6,37.66898,1.8826925902016252
2016-12-29,-0.3,0.0,1.4,47.5,39.123425,0.8091341089115911
2016-12-30,-1.9,0.0,0.5,51.6,36.411604,1.0884478063653655
2017-01-02,4.4,0.0,0.5,72.8,42.624768,7.239625682289894
2017-01-03,2.5,0.0,0.4,68.4,40.2367,5.710311365869622
2017-01-04,1.8,0.0,0.2,71.9,38.757558,6.001658809902703
2017-01-05,4.5,0.0,0.9,68.1,43.240555,6.491239105362563
2017-01-06,5.7,0.0,1.2,60.5,45.679515,7.28293542705405
2017-01-09,4.7,0.0,1.7,57.4,44.569622,5.69224518983758
2017-01-10,0.8,0.0,1.1,55.8,39.410536,2.39455717454311
2017-01-11,-0.1,0.0,1.4,33.0,41.467330000000004,1.0171202751986155
2017-01-12,0.8,0.0,1.4,55.3,39.478076,1.9530580234902264
2017-01-13,-0.2,0.0,2.0,44.9,39.628398,0.20354437006973072
2017-01-16,-2.4,0.0,0.9,39.8,37.718952,-0.48722736764099417
2017-01-17,-1.8,0.0,0.4,50.0,36.801,1.5654090282316013
2017-01-18,1.2,0.0,0.9,49.4,40.794672000000006,3.1537116617521663
2017-01-19,-0.5,0.0,0.4,59.1,37.151155,2.818519037284956
2017-01-20,-0.6,0.0,2.5,50.1,38.352106,-0.6936672147451879
2017-01-23,-3.5,0.0,1.8,39.8,36.39453,-3.071043437500982
2017-01-24,-3.4,0.0,1.2,44.1,35.755294,-2.0876697945854694
2017-01-25,-3.1,0.0,0.5,49.0,35.27819,-0.08320512238216482
2017-01-26,-0.2,0.0,0.8,45.8,39.497916000000004,1.9479628459953846
2017-01-31,-1.1,0.0,0.6,50.9,37.575999,1.5567608111273232
2017-02-01,0.9,0.0,1.8,34.6,42.389486,1.5801918023386619
2017-02-02,0.6,0.0,1.1,37.9,41.591426,2.189738611277808
2017-02-03,1.1,0.0,0.6,48.8,40.744032000000004,3.727901660977074
2017-02-06,2.1,0.0,1.9,40.9,43.002611,2.7481311411017657
2017-02-07,1.2,0.0,0.6,49.8,40.742224,3.8265898814247907
2017-02-08,2.9,0.0,0.9,45.5,43.448805,4.873043981187825
2017-02-09,0.1,0.0,3.0,31.5,41.907685,-0.32559104959716617
2017-02-10,-2.4,0.0,2.6,35.9,38.369316,-2.728571614253223
2017-02-13,1.8,0.0,0.7,50.0,41.499,4.17350658474407
2017-02-14,2.2,0.0,0.9,49.5,42.08161,4.165083614361377
2017-02-15,2.2,0.0,0.5,49.6,42.069488,5.091595312919424
2017-02-16,6.7,2.5,1.0,66.6,46.620778,8.570600000000002
2017-02-17,10.2,0.4,2.2,44.1,52.708918,11.14861620622023
2017-02-20,7.4,0.4,2.7,45.3,49.134778,7.8301626566949905
2017-02-21,1.6,0.0,0.6,48.3,41.454172,4.221342763215654
2017-02-22,3.4,30.1,0.4,84.5,39.81477,6.577849064445021
2017-02-23,4.1,0.0,2.6,42.6,45.258334000000005,4.314157308356999
2017-02-24,2.5,0.0,2.2,31.1,44.647425,2.8995155343937404
2017-02-27,5.1,0.0,0.8,60.1,44.871149,7.269658406185352
2017-02-28,5.1,0.0,0.8,55.9,45.259691000000004,7.269658406185352
2017-03-02,4.5,1.3,2.5,50.6,44.96343,4.81742675214779
2017-03-03,4.0,0.0,0.9,48.6,44.51476,5.985553129057957
2017-03-06,4.7,0.0,2.5,32.6,46.962078,5.033548084182806
2017-03-07,1.2,0.0,2.0,35.4,42.630352,1.6938504604136209
2017-03-08,1.0,0.0,1.7,47.5,40.78775,1.7956516986554059
2017-03-09,5.1,0.0,2.4,37.5,46.961875,5.536256616848421
2017-03-10,5.6,0.0,1.0,42.0,47.15848,7.450800000000001
2017-03-13,9.3,0.0,1.2,47.8,51.398546,10.989988042208147
2017-03-14,8.4,0.0,1.8,43.4,50.506944000000004,9.508433688428966
2017-03-15,5.5,0.0,1.1,43.0,46.94735,7.207793411277709
2017-03-16,6.5,0.0,1.0,56.0,47.1606,8.367
2017-03-17,6.5,0.0,1.0,49.5,47.671825,8.367
2017-03-20,7.1,7.9,0.8,75.4,46.568666,9.277845410030624
2017-03-21,9.2,2.3,1.6,54.4,50.927552,10.51249328182485
2017-03-22,6.9,0.0,0.8,55.4,47.751174000000006,9.077026709646095
2017-03-23,9.3,0.0,0.8,49.4,51.317058,11.486851114260423
2017-03-24,8.1,0.0,1.0,61.3,49.010747,9.995800000000003
2017-03-27,5.6,0.0,1.2,60.8,45.512352,7.179961743299771
2017-03-28,7.4,0.6,1.1,55.6,48.416456,9.153569762298083
2017-03-29,7.0,4.5,0.8,86.6,45.58758,9.177436059838362
2017-03-30,10.6,0.0,1.2,62.4,52.511055999999996,12.328645931013789
2017-03-31,9.9,2.6,1.1,69.9,51.174199,11.713801803114357
2017-04-03,11.0,0.0,1.1,45.9,53.64481,12.840303901073518
2017-04-04,12.6,0.0,1.1,43.5,55.711690000000004,14.478852407195937
2017-04-05,13.4,48.5,1.3,77.4,56.353684,15.13152961443133
2017-04-06,15.6,15.7,1.5,86.4,59.924415999999994,17.28330210160859
2017-04-07,15.0,0.0,1.2,69.5,58.83225,16.859488016202132
2017-04-10,13.5,0.1,2.2,45.3,56.811445,14.683945065574441
2017-04-11,13.2,11.5,1.7,59.0,56.265119999999996,14.643878885796628
2017-04-12,14.0,0.0,2.4,23.0,57.538799999999995,15.127054750925717
2017-04-13,13.7,0.0,1.6,42.5,57.083775,15.23284387646161
2017-04-14,15.2,0.0,2.1,49.0,58.97852,16.55012549075238
2017-04-17,14.2,16.5,0.8,88.6,57.587588,16.406909273681336
2017-04-18,14.7,0.0,1.9,60.4,58.359812000000005,16.115263544615907
2017-04-19,14.6,0.0,1.8,36.1,58.181594000000004,16.06244698093028
2017-04-20,13.0,0.2,1.0,52.6,56.07782,14.984000000000002
2017-04-21,14.3,0.0,1.0,56.1,57.802777000000006,16.3074
2017-04-24,14.6,0.0,1.2,59.9,58.218246,16.447593281185007
2017-04-25,17.3,0.1,1.3,68.1,62.238186999999996,19.16802446835398
2017-04-26,14.7,1.7,0.9,71.6,58.388148,16.807233021976515
2017-04-27,14.7,0.0,2.0,29.5,58.281635,16.0646591887297
2017-04-28,15.4,0.0,2.0,38.8,59.141048,16.80981223390164
2017-05-02,15.7,0.0,0.9,49.6,59.633528,17.818604974585725
2017-05-04,17.9,0.6,1.1,61.0,62.88581,19.906544333726444
2017-05-08,17.7,0.0,1.0,50.3,62.258168999999995,19.768600000000003
2017-05-10,16.6,0.1,1.1,74.8,61.342232,18.57522367250198
2017-05-11,19.9,0.0,1.3,61.6,65.746016,21.859021037635753
2017-05-12,17.0,9.1,0.8,85.4,62.23062,19.218371079064713
2017-05-15,16.0,0.0,1.1,49.0,60.0146,17.960767982706074
2017-05-16,16.5,0.0,1.0,60.6,60.89821,18.547
2017-05-17,17.1,0.0,0.9,60.5,61.741545,19.23452570823862
2017-05-18,18.8,0.0,0.9,58.0,64.02896000000001,20.953858027674283
2017-05-19,20.3,0.0,1.0,53.8,65.861786,22.415400000000005
2017-05-22,19.6,0.0,1.2,56.6,65.064864,21.596277468899032
2017-05-23,18.9,0.0,1.0,67.6,64.590836,20.990199999999998
2017-05-24,20.2,3.9,1.1,73.9,66.872822,22.26195781127742
2017-05-25,21.5,0.0,1.9,51.9,67.340215,23.329271508417186
2017-05-26,17.4,0.0,1.6,43.8,61.675588,19.11402103205184
2017-05-29,23.5,0.0,1.0,51.6,69.96094,25.673000000000005
2017-05-30,23.4,0.0,0.8,51.6,69.828856,25.64456949136958
2017-05-31,21.3,0.8,1.4,69.3,68.25639100000001,23.271640067910248
2017-06-01,23.4,0.0,1.6,58.1,70.405146,25.407821824900857
2017-06-02,20.0,0.0,1.8,49.3,65.2115,21.770781138915297
2017-06-05,19.5,0.0,1.3,50.5,64.622525,21.44502156543855
2017-06-07,19.6,12.6,1.8,72.3,65.866192,21.34794157165715
2017-06-08,21.3,0.0,1.2,54.6,67.258702,23.3468300927218
2017-06-09,22.6,0.0,1.4,49.6,68.610704,24.623550148775905
2017-06-12,19.0,0.0,1.4,56.5,64.23815,20.87979915560946
2017-06-13,18.8,0.3,1.2,65.8,64.365296,20.772487998864786
2017-06-14,20.9,0.0,1.4,61.1,67.133901,22.855667735336198
2017-06-15,23.3,0.0,1.2,48.8,69.451296,25.406303767807408
2017-06-16,21.8,0.0,1.2,57.6,68.152432,23.861698511493202
2017-06-19,24.1,0.0,1.4,54.5,71.030655,26.1834463959286
2017-06-20,21.2,10.3,1.0,73.3,68.374304,23.3316
2017-06-21,22.5,0.0,1.3,66.6,69.83635,24.550017606917518
2017-06-22,23.5,0.0,1.3,62.9,70.973985,25.58501628741051
2017-06-23,23.8,0.0,1.1,62.9,71.403798,25.94869195005286
2017-06-26,21.7,10.5,0.9,84.5,69.946635,23.88683669024099
2017-06-27,22.8,0.0,1.0,70.1,70.566672,24.9604
2017-06-28,23.4,0.0,1.1,66.6,71.158756,25.53905482352225
2017-06-29,22.0,4.8,0.8,78.8,70.01424,24.238838588677893
2017-06-30,24.1,0.0,1.1,75.9,73.076281,26.255919794950813
2017-07-03,26.6,0.3,1.6,72.6,76.582684,28.76451558108701
2017-07-04,26.1,1.9,1.2,80.5,76.729895,28.289566912927256
2017-07-05,25.8,17.6,1.2,81.8,76.393956,27.980645861664414
2017-07-06,24.8,5.2,1.0,89.6,75.573792,26.996400000000005
2017-07-07,25.2,0.3,0.9,90.4,76.33779200000001,27.42663852437323
2017-07-10,26.9,0.0,1.9,85.8,78.668998,29.05804253849467
2017-07-11,26.1,0.0,1.7,78.5,76.499115,28.229299436134482
2017-07-12,27.4,0.0,1.2,75.6,78.190456,29.628224801732898
2017-07-13,26.8,0.0,1.1,78.3,77.585656,29.020970399032393
2017-07-14,26.7,0.0,1.2,81.9,77.863927,28.90740901545294
2017-07-17,26.6,4.8,1.2,83.1,77.846254,28.804435331698663
2017-07-18,26.7,1.9,0.9,83.6,78.070188,28.943696453287046
2017-07-19,27.8,0.0,1.0,73.5,78.53617,30.050400000000003
2017-07-20,28.5,0.0,1.1,78.1,80.252615,30.761928186787454
2017-07-21,30.2,0.0,1.4,73.5,82.22653,32.527024467682836
2017-07-24,29.7,0.1,0.9,79.4,82.348782,31.97781231111468
2017-07-25,27.3,17.2,0.9,87.4,79.53639799999999,29.550519624852576
2017-07-26,26.1,0.0,1.3,69.9,75.50676100000001,28.276012856692276
2017-07-27,25.7,0.0,1.2,64.1,74.25966299999999,27.877672177910135
2017-07-28,27.2,0.0,1.0,68.0,76.91904,29.439600000000002
2017-07-31,26.2,38.2,0.8,87.0,77.64706,28.45603129675296
2017-08-01,27.3,0.0,1.2,81.5,78.785505,29.525251117978623
2017-08-02,26.9,0.0,1.1,81.5,78.138765,29.12337968066504
2017-08-03,27.5,0.0,1.4,71.8,77.85515000000001,29.719211222808006
2017-08-04,28.9,0.0,1.2,71.0,79.86981,31.172830058047108
2017-08-07,30.5,0.0,1.4,60.3,80.589685,32.83900371711338
2017-08-08,28.0,0.0,1.0,70.5,78.4411,30.254
2017-08-09,26.7,0.2,0.8,87.0,78.48271,28.958078047714277
2017-08-10,28.8,0.0,1.4,72.4,79.917488,31.071121303673667
2017-08-11,26.6,28.8,1.2,78.8,77.32879199999999,28.804435331698663
2017-08-14,22.0,48.5,0.7,96.6,71.34568,24.29282949333423
2017-08-16,26.3,0.8,0.7,85.5,77.638135,28.575655657044024
2017-08-17,26.8,0.8,0.8,80.0,77.7936,29.058487397906546
2017-08-18,26.6,0.0,1.1,77.4,77.160316,28.816151835767094
2017-08-21,25.3,20.2,1.1,90.8,76.551276,27.48483117454262
2017-08-22,26.1,8.1,1.0,88.8,77.68763200000001,28.3198
2017-08-23,28.3,11.6,1.3,77.3,79.82624100000001,30.55300995377685
2017-08-24,29.4,0.3,2.2,68.3,80.22649799999999,31.717802297008365
2017-08-25,27.6,0.8,1.1,66.9,77.369056,29.840244652093602
2017-08-28,24.9,0.0,1.0,71.0,73.81821,27.0982
2017-08-29,26.9,0.0,1.5,55.6,74.945036,29.08700433492414
2017-08-30,22.3,0.0,1.6,45.8,67.92486600000001,24.253958346211874
2017-08-31,21.9,0.0,1.1,59.8,68.452838,24.002915599032484
2017-09-01,22.7,0.0,1.5,50.8,68.83888400000001,24.699787575638716
2017-09-04,21.8,0.0,0.9,69.5,69.01899,23.987973885501916
2017-09-05,21.5,0.7,0.9,76.3,69.044555,23.68456229971915
2017-09-06,20.8,32.3,0.6,86.4,68.58428800000002,23.16948108917712
2017-09-07,20.6,1.0,0.5,81.0,67.92214000000001,23.05694022038154
2017-09-08,22.3,0.0,0.5,73.8,70.10242600000001,24.71678186944054
2017-09-11,20.9,74.4,0.8,87.5,68.821125,23.134335736562992
2017-09-12,22.9,0.0,0.8,70.5,70.75055499999999,25.142522740408264
2017-09-13,20.6,0.0,0.9,62.9,66.81912600000001,22.774327542370862
2017-09-14,20.3,0.0,1.2,65.5,66.54003499999999,22.317093255178996
2017-09-15,20.0,0.0,1.5,58.8,65.73400000000001,21.879433944669515
2017-09-18,20.8,0.0,0.7,71.0,67.61532,23.097622191833825
2017-09-19,21.7,0.0,1.0,70.6,68.948198,23.840600000000002
2017-09-20,20.6,0.0,0.9,65.4,66.971476,22.774327542370862
2017-09-21,18.2,0.0,0.7,70.0,63.6446,20.50800637191628
2017-09-22,19.3,0.0,0.7,70.0,65.2979,21.603613064958317
2017-09-25,21.7,0.0,0.8,72.5,69.084675,23.9376105381011
2017-09-26,22.1,0.0,1.0,65.0,69.12735,24.247800000000005
2017-09-27,19.2,8.2,1.4,81.5,65.68902,21.087785321896483
2017-09-28,20.1,0.0,1.1,63.0,66.10837000000001,22.159548529644766
2017-09-29,15.8,0.0,0.8,58.3,59.880386,18.013458876757554
2017-10-10,21.6,0.0,0.6,78.3,69.342772,23.958986852758848
2017-10-11,21.1,0.0,1.0,72.8,68.187792,23.229800000000004
2017-10-12,14.4,18.6,1.2,79.1,57.929196000000005,16.24164591367645
2017-10-13,14.3,0.0,1.1,58.9,57.798773,16.219810194951005
2017-10-16,15.6,0.0,1.3,66.1,59.692184,17.408526711515904
2017-10-17,14.9,0.0,0.7,75.4,58.709054,17.221186292790165
2017-10-18,15.9,0.0,1.4,61.9,60.070979,17.656013578160582
2017-10-19,16.6,0.0,1.2,61.4,61.056276,18.50706695627062
2017-10-20,15.9,0.0,0.9,68.6,60.167526,18.020879365107568
2017-10-23,14.9,0.0,1.4,48.4,58.587284,16.61608274672546
2017-10-24,11.4,0.1,0.5,76.4,53.231303999999994,14.074267766650483
2017-10-25,11.3,0.0,0.5,72.5,53.19607500000001,13.976630022588187
2017-10-26,11.8,0.0,0.6,73.6,53.931152,14.287541248882683
2017-10-27,13.1,0.0,0.7,69.8,55.981961999999996,15.428375340539557
2017-10-30,9.0,0.0,1.4,39.9,51.43939,10.480490841258234
2017-10-31,8.1,0.0,0.9,58.0,49.218019999999996,10.132178134755723
2017-11-01,9.9,0.0,0.7,61.9,51.534119000000004,12.241155869871807
2017-11-02,11.0,0.0,0.5,74.0,52.6866,13.683716790401304
2017-11-03,12.1,0.0,0.8,65.5,54.580745,14.298312919643799
2017-11-06,8.2,0.0,0.7,71.0,48.55278,10.547945526079566
2017-11-07,13.0,0.0,0.6,74.9,55.75893000000001,15.471799894255273
2017-11-08,15.3,0.0,1.3,53.8,59.148686,17.098027107368004
2017-11-09,9.8,0.0,0.6,61.4,51.414828,12.313776839928362
2017-11-10,12.7,0.0,1.8,61.1,55.531803,14.05395903645407
2017-11-13,8.1,0.0,0.6,68.1,48.583639000000005,10.636077092317192
2017-11-14,10.2,0.0,1.1,47.9,52.549242,12.021029648012309
2017-11-15,6.1,0.0,1.2,49.0,47.193110000000004,7.694830162071171
2017-11-16,3.4,0.0,0.7,64.4,42.012504,5.767116320077945
2017-11-17,5.9,0.0,0.5,60.8,45.935928000000004,8.704191843224308
2017-11-20,4.5,0.0,0.8,43.6,45.65258,6.667202305031772
2017-11-21,2.7,0.0,0.7,67.6,40.627148000000005,5.069912060869375
2017-11-22,6.5,0.0,1.1,60.6,46.79881,8.231886227604221
2017-11-23,3.5,0.0,1.6,47.6,43.97754,4.533382528618281
2017-11-24,2.3,0.0,1.9,56.1,41.418097,2.960307845919452
2017-11-27,5.2,0.0,0.4,74.3,43.712064,8.31292446159582
2017-11-28,8.4,0.0,0.8,77.9,48.442464,10.583166962530052
2017-11-29,9.4,0.0,0.7,55.6,51.137336000000005,11.743152827579973
2017-11-30,6.1,0.0,2.3,22.1,49.415319,6.683755877100242
2017-12-01,1.2,0.0,1.9,31.0,43.20728,1.793335969422186
2017-12-04,3.3,0.0,1.8,53.6,43.059312,4.117229205887559
2017-12-05,-1.4,0.0,1.4,47.1,37.777894,-0.33478980566704397
2017-12-06,-0.2,0.0,0.7,61.1,37.279722,2.181494415576727
2017-12-07,2.0,0.0,1.0,64.0,40.0352,3.7860000000000005
2017-12-08,0.7,0.0,2.3,35.0,42.10455,0.8813350923537323
2017-12-11,0.6,0.0,2.4,39.9,41.317306,0.6869766614160808
2017-12-12,-2.7,0.0,2.0,30.8,38.885315999999996,-2.4577165055443584
2017-12-13,-3.2,0.0,1.5,34.8,37.629136,-2.3547157732880803
2017-12-14,-2.9,0.0,0.5,36.1,37.752269,0.11207036574242335
2017-12-15,-0.3,0.0,0.6,37.1,40.641513,2.34626657470905
2017-12-18,0.7,0.0,1.1,56.9,39.124617,2.2921478929104597
2017-12-19,-0.1,0.0,1.5,51.6,38.789116,0.8834680252321138
2017-12-20,-1.9,0.0,0.7,52.0,36.34688,0.4882840717844864
2017-12-21,-1.1,0.0,0.6,60.1,36.160211000000004,1.5567608111273232
2017-12-22,-0.9,0.0,0.4,60.4,36.395636,2.4329467268070006
2017-12-26,0.4,0.0,2.2,44.1,40.492336,0.6497608057137871
2017-12-27,-1.4,0.0,1.4,30.8,40.334711999999996,-0.33478980566704397
2017-12-28,-1.6,0.0,0.7,52.9,36.601364000000004,0.7870858971595867
2017-12-29,2.1,0.0,1.0,66.3,39.898477,3.8877999999999995
2018-01-02,0.7,0.0,0.7,56.9,39.124617,3.0778998917020317
2018-01-03,2.0,0.0,1.5,26.5,44.6552,3.077076404874828
2018-01-04,1.4,0.0,1.0,32.1,43.288606,3.1752000000000007
2018-01-05,2.4,0.0,1.3,37.9,43.724804,3.746544129008462
2018-01-08,3.2,1.5,1.1,81.4,39.830552,4.852379933726736
2018-01-09,1.8,0.0,2.6,45.0,42.1249,1.8221147665103063
2018-01-10,-1.7,0.5,2.3,57.3,35.764741,-1.6975185897558278
2018-01-11,-5.4,0.0,1.5,46.5,32.79061,-4.652781694818541
2018-01-12,-6.4,0.0,1.4,47.5,31.313900000000004,-5.5344439628426585
2018-01-15,3.8,0.0,0.8,65.6,42.465072,5.964336853685927
2018-01-16,2.9,22.9,0.6,85.6,38.865776,5.504289629035962
2018-01-17,4.5,4.1,0.8,87.4,41.340469999999996,6.667202305031772
2018-01-18,2.9,0.0,0.5,80.3,39.471513,5.775059521355483
2018-01-19,1.0,0.0,0.6,68.8,37.95272,3.6292134405293575
2018-01-22,4.7,0.0,1.3,53.4,44.955502,6.127041094142333
2018-01-23,-3.1,0.0,2.2,39.4,36.945614000000006,-3.0998304087528
2018-01-24,-6.6,0.0,2.3,30.5,34.599630000000005,-6.962678190729513
2018-01-25,-5.6,0.0,2.0,22.4,37.318944,-5.544779121256699
2018-01-26,-5.7,0.0,1.7,23.1,37.076167,-5.260341920512315
2018-01-29,-2.9,0.0,2.2,34.0,38.11286,-2.885568053640424
2018-01-30,-4.1,0.0,0.9,46.4,34.460424,-2.2065596870766524
2018-01-31,-1.8,0.0,0.6,55.0,35.9969,0.8659432679933111
2018-02-01,-1.2,0.0,0.7,50.5,37.50656,1.185488330993055
2018-02-02,-1.9,0.0,0.5,40.4,38.223876000000004,1.0884478063653655
2018-02-05,-5.0,0.0,2.3,35.1,35.49325,-5.243442402656473
2018-02-06,-5.3,0.0,2.7,30.5,36.045165000000004,-5.9657831148385245
2018-02-07,-6.1,0.0,0.9,43.9,32.430179,-4.229303592295075
2018-02-08,-3.7,0.0,0.7,44.0,35.399280000000005,-1.3045268804661225
2018-02-09,3.0,0.0,1.2,48.6,43.22362,4.502645965688478
2018-02-12,-1.8,0.0,2.4,46.5,37.36387,-1.8993059814811675
2018-02-13,0.3,0.0,1.5,44.0,40.38168,1.3012981927831082
2018-02-14,5.1,0.0,1.6,60.8,44.806392,6.211729406711351
2018-02-19,4.3,0.0,0.6,39.4,45.826058,6.885924715303984
2018-02-20,4.3,0.0,0.7,39.8,45.785886000000005,6.663521796203248
2018-02-21,2.9,0.0,1.2,21.1,46.237481,4.3996722819341985
2018-02-22,0.3,0.0,0.9,39.4,41.025818,2.2434769044038765
2018-02-23,2.7,0.0,1.3,59.4,41.580562,4.057043733156359
2018-02-26,4.5,0.0,0.8,53.1,44.717304999999996,6.667202305031772
2018-02-27,5.6,0.0,0.9,61.4,45.459816000000004,7.603748253232695
2018-02-28,5.9,30.8,1.1,78.8,44.413308,7.617430537808318
2018-03-02,2.9,0.0,1.1,43.3,43.700243,4.545152088828783
2018-03-05,6.8,6.0,1.8,82.3,45.579536000000004,7.817075419396366
2018-03-06,6.0,0.0,1.4,58.3,46.28612,7.360698346952867
2018-03-07,4.7,12.7,1.4,69.0,43.45057,6.008788266087206
2018-03-08,4.7,38.7,1.7,78.1,42.572693,5.69224518983758
2018-03-09,5.3,0.0,0.8,68.8,44.364536,7.470477106569881
2018-03-12,7.6,0.0,1.1,66.3,47.963512,9.358388325563382
2018-03-13,10.2,0.0,1.2,71.0,51.57858,11.916751195996667
2018-03-14,13.3,0.0,1.3,72.4,56.252708,15.028029746382032
2018-03-15,14.3,43.5,0.8,91.8,57.751726000000005,16.507318623873598
2018-03-16,6.8,3.8,2.3,65.0,46.8888,7.435921534382198
2018-03-19,9.0,40.4,1.6,89.6,48.76056,10.302699922063216
2018-03-20,5.6,1.4,3.6,54.4,46.072736,5.369604786681325
2018-03-21,1.9,9.9,2.2,81.9,37.667839,2.25672846905661
2018-03-22,6.0,0.0,0.9,61.1,46.052040000000005,8.00829703427638
2018-03-23,6.4,0.0,0.9,60.0,46.705600000000004,8.412845815320065
2018-03-26,11.5,0.0,0.9,58.6,53.90681,13.57084277362704
2018-03-27,12.3,0.0,1.1,58.6,55.018922,14.171624562297986
2018-03-28,13.4,0.0,1.2,61.1,56.522226,15.211909076133644
2018-03-29,14.1,0.0,0.9,66.4,57.494575999999995,16.20040985041099
2018-03-30,12.3,0.0,1.3,58.1,55.029537000000005,13.993031065889042
2018-04-02,16.3,0.0,1.3,75.8,60.89544600000001,18.133025787860994
2018-04-03,17.4,0.0,1.5,75.8,62.611908,19.163537855588057
2018-04-04,14.1,15.7,1.6,86.3,57.426717,15.652430595984882
2018-04-05,8.9,4.9,1.1,88.6,48.645746,10.68970898678785
2018-04-06,10.4,17.1,2.7,55.3,52.509788,11.089047484616293
2018-04-09,12.9,0.0,1.4,53.8,55.926398000000006,14.536221083855212
2018-04-10,13.6,0.0,1.8,69.6,56.734144,15.005348062784908
2018-04-11,19.1,0.2,2.2,39.1,63.573119000000005,20.683291008720985
2018-04-12,13.7,0.0,1.1,39.5,57.105885,15.605354505155095
2018-04-13,12.4,0.0,1.6,39.0,55.55464,13.869187038010992
2018-04-16,11.5,0.0,1.3,58.4,53.912639999999996,13.165032121494653
2018-04-17,12.8,0.0,1.1,63.6,55.632592,14.683670970461243
2018-04-18,13.4,0.0,1.1,59.3,56.540838,15.298126660257147
2018-04-19,14.5,0.0,1.0,57.9,58.076845000000006,16.511000000000003
2018-04-20,16.4,0.0,1.0,53.4,60.617824,18.4452
2018-04-23,11.2,45.8,1.1,91.6,52.429808,13.04512246433882
2018-04-24,12.4,8.9,1.7,80.1,54.722775999999996,13.801372185000485
2018-04-25,13.4,0.0,1.3,52.8,56.608048,15.13152961443133
2018-04-26,14.2,0.0,0.9,61.4,57.653412,16.30154704567191
2018-04-27,16.1,0.0,1.1,58.3,60.296537,18.063177264338727
2018-04-30,17.7,0.0,1.2,72.1,62.960783,19.6397774775677
2018-05-02,16.3,3.2,1.1,88.6,61.130582000000004,18.26799582760403
2018-05-03,13.3,0.0,3.4,45.3,56.559751000000006,13.970785897699734
2018-05-04,15.1,0.0,2.8,36.1,58.765288999999996,16.157809814732534
2018-05-08,14.9,0.0,2.0,65.1,58.662600999999995,16.277560058778825
2018-05-09,14.1,0.0,1.6,60.0,57.516400000000004,15.652430595984882
2018-05-10,15.8,0.0,1.3,64.8,59.967616,17.615526447614503
2018-05-11,16.5,0.0,1.2,60.3,60.892105,18.404093272516334
2018-05-14,19.0,0.0,1.1,64.4,64.59444,21.033046431685605
2018-05-15,20.4,0.3,1.0,72.4,67.092704,22.517200000000003
2018-05-16,21.0,3.3,1.1,93.4,69.37166,23.08123206433863
2018-05-17,21.6,1.8,1.3,91.6,70.284944,23.618518794473836
2018-05-18,21.2,1.4,1.7,83.0,69.02304,23.068945893758087
2018-05-21,17.2,0.0,1.5,64.0,61.97792,18.95462277181256
2018-05-23,19.9,17.4,1.5,60.5,65.686605,21.774976402781764
2018-05-24,18.9,0.0,1.0,56.5,64.101215,20.990199999999998
2018-05-25,19.2,0.0,0.9,56.3,64.502604,21.358406808717962
2018-05-28,19.0,2.8,0.6,86.3,65.58213,21.393093121118227
2018-05-29,21.9,0.0,0.9,75.8,69.633798,24.089111080762834
2018-05-30,22.1,0.0,1.2,76.5,69.998935,24.17061956275604
2018-05-31,19.7,0.0,1.1,60.3,65.394409,21.74991140311416
2018-06-01,21.4,0.0,1.2,56.6,67.531476,23.449803776476074
2018-06-04,22.2,0.0,1.2,63.9,69.188242,24.273593246510316
2018-06-05,19.8,1.5,0.8,80.8,66.622016,22.029832884448094
2018-06-07,23.2,0.0,1.3,66.9,70.89089200000001,25.27451668326261
2018-06-08,23.5,0.0,1.0,67.5,71.386375,25.673000000000005
2018-06-11,17.7,32.3,1.0,82.8,63.305644,19.768600000000003
2018-06-12,18.5,19.4,0.9,83.0,64.61745,20.650446441891518
2018-06-14,20.1,0.0,1.6,69.1,66.449909,21.9462313888339
2018-06-15,19.7,0.0,1.9,59.3,65.342379,21.419681165058023
2018-06-18,23.0,0.0,1.2,66.4,70.55408,25.097382716544566
2018-06-19,21.3,8.4,0.9,80.8,69.03689600000001,23.48228790919731
2018-06-20,23.2,0.0,1.1,70.6,71.211608,25.33423626025695
2018-06-21,23.6,0.0,1.1,60.9,70.93597600000001,25.743873386787556
2018-06-22,22.6,0.0,0.9,60.1,69.458474,24.797071447589282
2018-06-25,24.6,0.0,1.2,65.0,72.7611,26.744961656613054
2018-06-26,23.1,0.3,1.2,84.4,72.243236,25.200356400298844
2018-06-27,25.0,12.0,1.8,79.5,74.85775000000001,27.056275729642163
2018-06-28,21.9,91.9,1.4,89.5,70.644995,23.89559856677132
2018-06-29,24.1,2.9,1.2,81.3,73.592467,26.23009323784165
2018-07-02,24.8,57.4,1.0,84.6,75.061192,26.996400000000005
2018-07-03,23.6,14.4,1.6,84.0,73.02976000000001,25.617615184662498
2018-07-04,26.4,0.0,1.2,72.9,76.312444,28.5984879641901
2018-07-05,23.5,81.9,0.8,86.4,73.08076,25.744978841561846
2018-07-06,21.2,4.9,1.2,83.8,69.076544,23.243856408967517
2018-07-09,19.3,23.4,0.6,89.4,66.230458,21.68915778246138
2018-07-10,24.0,0.0,0.4,82.0,73.49719999999999,26.43482305405972
2018-07-11,26.6,0.0,1.0,75.6,76.943704,28.828800000000008
2018-07-12,27.0,0.0,1.3,75.6,77.56708,29.207511669135965
2018-07-13,27.5,0.0,1.0,75.0,78.26875,29.745000000000005
2018-07-16,27.9,0.0,1.1,69.5,78.157095,30.147472496991554
2018-07-17,27.3,0.0,1.1,70.9,77.436443,29.533016807195644
2018-07-18,27.9,0.0,1.0,69.1,78.10381100000001,30.152200000000008
2018-07-19,28.1,0.0,0.9,67.4,78.17280600000001,30.359617186939943
2018-07-20,28.6,0.0,0.8,67.0,78.85538,30.865855701367288
2018-07-23,28.6,0.0,1.1,69.1,79.149674,30.86433746842011
2018-07-24,28.8,0.0,1.3,71.8,79.832216,31.07050929402334
2018-07-25,29.4,0.0,1.2,69.0,80.33014,31.68769847681851
2018-07-26,30.6,0.0,1.0,62.6,81.098244,32.900800000000004
2018-07-27,30.0,0.4,1.0,71.1,81.54939999999999,32.290000000000006
2018-07-30,28.1,4.9,1.6,71.0,78.65949,30.33796577929926
2018-07-31,28.4,0.0,1.2,65.1,78.298216,30.657961639275705
2018-08-01,29.1,0.0,1.1,62.4,78.924616,31.37638387658336
2018-08-02,29.4,0.0,1.6,61.9,79.278914,31.701622617749877
2018-08-03,28.9,0.0,1.3,67.4,79.354614,31.174009162072643
2018-08-06,30.0,0.0,1.2,66.8,80.8872,32.305540579344196
2018-08-07,28.4,0.1,1.2,73.9,79.514024,30.657961639275705
2018-08-08,27.9,3.5,0.9,77.5,79.222775,30.1573427964181
2018-08-09,28.8,0.0,1.0,75.1,80.30121199999999,31.0684
2018-08-10,27.1,1.6,1.1,81.9,78.51225099999999,29.328198243930345
2018-08-13,29.2,0.0,1.1,67.1,79.753968,31.478793158216014
2018-08-14,29.1,0.0,1.0,65.0,79.30185,31.373800000000003
2018-08-16,25.6,29.7,1.5,80.9,75.970596,27.72905629038341
2018-08-17,24.2,0.0,1.7,60.1,71.706458,26.228346021743633
2018-08-20,24.8,0.0,1.0,68.5,73.41062,26.996400000000005
2018-08-21,26.6,0.0,1.1,65.5,75.72827000000001,28.816151835767094
2018-08-22,28.9,0.0,2.4,62.4,78.63906399999999,31.183559492246136
2018-08-23,26.4,17.7,3.1,79.5,77.09361999999999,28.446123821733458
2018-08-24,27.8,5.4,3.2,66.5,77.61063,29.979360589736345
2018-08-27,23.7,46.0,0.5,92.4,73.963612,26.083710286312655
2018-08-28,26.1,0.1,1.0,81.5,76.845285,28.3198
2018-08-29,26.4,0.0,1.1,76.6,76.75037599999999,28.61133327250178
2018-08-30,26.6,6.0,1.3,79.3,77.38896199999999,28.793512196938774
2018-08-31,24.3,31.6,1.2,85.9,74.364263,26.43604060535021
2018-09-03,23.4,58.1,0.6,87.9,73.047214,25.735374820817732
2018-09-04,24.2,33.3,1.5,67.6,72.430808,26.266650703954937
2018-09-05,22.4,0.0,1.2,68.3,69.823308,24.47954061401888
2018-09-06,22.0,0.0,0.5,77.6,69.92448,24.423868637253655
2018-09-07,21.1,3.7,0.9,81.5,68.761035,23.280013518675467
2018-09-10,20.3,0.0,1.2,62.8,66.383516,22.317093255178996
2018-09-11,19.5,0.0,1.3,63.3,65.263165,21.44502156543855
2018-09-12,22.0,0.0,1.0,70.0,69.356,24.146
2018-09-13,20.7,10.2,0.4,84.6,68.30627799999999,23.25385149261659
2018-09-14,21.4,24.7,0.5,89.0,69.76254,23.838042172879888
2018-09-17,23.1,0.0,0.3,75.4,71.472026,25.653179764729355
2018-09-18,22.8,0.0,0.8,72.0,70.72384,25.042113390216
2018-09-19,20.6,0.2,0.5,78.1,67.74541400000001,23.05694022038154
2018-09-20,20.3,10.1,0.6,89.3,67.91972100000001,22.676039986938537
2018-09-21,19.4,18.3,0.6,89.8,66.419588,21.78784600290909
2018-10-08,15.5,0.0,0.9,62.3,59.506035,17.616330584063885
2018-10-10,15.0,0.0,1.2,60.0,58.78,16.859488016202132
2018-10-11,12.0,0.0,1.3,47.8,54.863240000000005,13.682531461741146
2018-10-12,9.9,0.0,0.7,66.1,51.345161000000004,12.241155869871807
2018-10-15,14.3,0.0,0.5,71.9,57.780183,16.90576234445701
2018-10-16,11.8,0.0,0.4,80.0,53.7636,14.674867584482083
2018-10-17,12.3,0.0,0.3,73.1,54.711087,15.40909644316708
2018-10-18,12.4,0.0,0.7,60.8,55.113408,14.731171081330984
2018-10-19,,0.0,0.4,0.0,,
2018-10-22,12.6,0.0,0.3,75.0,55.1365,15.693654313210477
2018-10-23,13.8,0.0,0.4,77.4,56.984188,16.602729136871858
2018-10-24,11.8,0.0,0.4,71.4,53.988748,14.674867584482083
2018-10-25,11.3,0.0,0.5,69.4,53.292578000000006,13.976630022588187
2018-10-26,12.4,0.9,0.2,86.0,54.603359999999995,15.838290585271258
2018-10-29,10.4,0.1,1.1,75.8,51.688968,12.225848211277615
2018-10-30,8.1,0.0,0.7,65.0,48.77835,10.4483449176212
2018-10-31,8.1,0.0,0.5,68.8,48.539671999999996,10.852222212594778
2018-11-01,6.8,0.0,0.5,68.8,46.601216,9.582931539784953
2018-11-02,7.6,0.0,0.5,64.4,48.092256,10.364033492283305
2018-11-05,9.7,0.0,0.3,69.6,50.887888000000004,12.942928236124308
2018-11-06,10.9,0.0,0.2,74.9,52.500759,14.446314390643632
2018-11-07,12.8,0.5,0.3,82.3,55.32815600000001,15.883359559906076
2018-11-08,14.0,19.5,0.9,88.6,57.25016,16.099272655150067
2018-11-09,12.7,0.0,1.9,62.4,55.509352,13.993496496439057
2018-11-12,10.6,1.5,0.8,75.4,52.016276,12.792172666759846
2018-11-13,9.5,0.0,0.5,77.0,50.22585,12.219150629466892
2018-11-14,8.9,0.0,0.5,75.5,49.364805000000004,11.63332416509313
2018-11-15,8.7,0.0,0.4,74.9,49.087436999999994,11.686682178277927
2018-11-16,8.6,1.0,0.3,87.0,48.23218,11.89954937929852
2018-11-19,7.1,0.0,0.6,62.6,47.499354,9.649194887840032
2018-11-20,5.6,0.0,0.6,60.3,45.556132,8.168871581124293
2018-11-21,5.9,0.0,0.4,63.4,45.715994,8.987676004932244
2018-11-22,5.4,0.0,1.8,42.0,46.91332,6.337136933992842
2018-11-23,2.8,0.0,0.8,56.1,42.100792,4.960243351763291
2018-11-26,5.2,0.0,0.5,77.3,43.437504000000004,8.020727634788248
2018-11-27,6.6,0.0,0.4,73.4,45.945756,9.66242754826866
2018-11-28,5.9,0.0,0.7,58.1,46.164321,8.257131531537125
2018-11-29,5.0,0.0,0.4,53.1,45.385149999999996,8.120138306356841
2018-11-30,5.7,0.0,0.5,67.9,45.038897,8.508916355099718
2018-12-03,12.8,9.5,0.3,90.9,55.188148,15.883359559906076
2018-12-04,13.3,12.0,1.1,68.0,56.30256,15.195717378624497
2018-12-05,7.3,0.0,1.1,41.1,49.305997000000005,9.051160480665429
2018-12-06,5.8,2.5,1.0,69.4,45.058748,7.654399999999999
2018-12-07,0.2,0.0,3.1,33.8,41.695524,-0.2869755828391322
2018-12-10,-1.7,0.0,0.6,42.1,38.194157,0.964631488441028
2018-12-11,2.0,1.5,0.5,78.1,38.29808,4.896319824794835
2018-12-12,1.2,0.0,1.7,51.3,40.545544,2.006278373854444
2018-12-13,0.8,0.0,1.1,54.4,39.599648,2.39455717454311
2018-12-14,-0.1,0.0,1.0,44.9,39.753849,1.6481999999999992
2018-12-17,2.2,0.0,0.9,72.3,39.317794,4.165083614361377
2018-12-18,1.5,0.0,0.4,68.5,38.736725,4.746380589674732
2018-12-19,4.6,0.0,0.8,64.6,43.730084,6.767611655224035
2018-12-20,4.4,0.0,0.4,74.9,42.415943999999996,7.541779840639909
2018-12-21,4.8,0.0,0.5,78.5,42.69282,7.630176658539072
2018-12-24,1.0,0.0,0.8,46.4,40.934160000000006,3.1528750483025463
2018-12-26,5.3,0.0,1.5,33.4,47.569298,6.52417528717052
2018-12-27,-0.6,0.0,2.7,16.5,43.35649,-0.8601968844284831
2018-12-28,-3.8,0.0,2.0,28.3,38.110454000000004,-3.628671290814557
2018-12-31,-1.2,0.0,0.6,37.1,39.581952,1.4580725906796064
2019-01-02,-0.6,0.0,1.0,48.8,38.545728,1.1392000000000004
2019-01-03,-1.8,0.0,0.4,50.0,36.801,1.5654090282316013
2019-01-04,-0.4,0.0,0.3,45.8,39.245232,3.3628132779966236
2019-01-07,0.1,0.0,0.6,44.0,40.13256,2.7410194564999153
2019-01-08,0.8,0.0,1.3,44.0,41.00448,2.090546240219681
2019-01-09,-0.4,0.0,1.0,38.8,40.273952,1.3428000000000002
2019-01-10,2.5,0.0,1.3,47.4,42.71995,3.8500439970577616
2019-01-11,2.4,0.0,0.6,64.1,40.600716000000006,5.010848526797381
2019-01-14,1.2,0.0,0.4,65.9,38.631192,4.457201356816267
2019-01-15,2.2,0.0,1.2,55.9,41.305802,3.678856495654235
2019-01-16,-0.8,0.0,1.5,30.1,41.109308,0.15226523201787745
2019-01-17,0.0,0.0,1.2,51.5,38.9355,1.4134354530600657
2019-01-18,0.7,0.0,0.5,56.6,39.165438,3.627029151985012
2019-01-21,-0.5,0.0,0.7,55.1,37.742955,1.8826925902016252
2019-01-22,0.5,0.0,0.6,62.3,38.104485,3.1357723382907787
2019-01-23,1.7,0.0,0.7,55.8,40.636714,4.073905976285702
2019-01-24,0.8,0.0,0.6,50.9,40.072428,3.4318369996339255
2019-01-25,0.4,0.0,1.4,45.1,40.353296,1.5370856909161774
2019-01-28,1.7,0.0,1.6,44.9,42.011967,2.6452422907635746
2019-01-29,0.1,0.0,0.7,49.5,39.351505,2.480296240951829
2019-01-30,3.8,0.0,0.6,46.5,44.47783,6.392483613065405
2019-01-31,0.7,9.5,1.0,71.6,37.124388,2.4626000000000006
2019-02-01,-1.0,0.0,1.0,59.5,36.392450000000004,0.7320000000000007
2019-02-07,5.2,0.0,1.8,45.9,46.311232000000004,6.125717150363769
2019-02-08,1.7,0.0,1.3,23.9,44.661537,3.02204505266337
2019-02-11,1.1,0.0,1.8,34.4,42.646416,1.7916115859677364
2019-02-12,0.9,0.0,0.7,48.0,40.59268,3.2771011086187656
2019-02-13,3.2,0.0,1.4,34.1,45.095988000000006,4.448892018934521
2019-02-14,2.5,0.0,1.0,37.0,43.94975,4.295000000000001
2019-02-15,4.1,0.0,0.8,52.3,44.264957,6.265564904262717
2019-02-18,2.3,0.0,0.5,44.0,42.87288,5.189233056981719
2019-02-19,4.2,29.0,0.5,85.9,40.990021999999996,7.044350194165306
2019-02-20,4.5,0.0,1.3,58.5,44.185675,5.920041358043738
2019-02-21,4.0,0.0,0.9,57.8,43.56348,5.985553129057957
2019-02-22,4.2,0.0,0.4,64.0,43.21112,7.348993685400931
2019-02-25,6.9,0.0,0.6,56.0,47.706360000000004,9.451818446944598
2019-02-26,6.6,0.0,0.8,49.4,47.809596,8.775798659069304
2019-02-27,7.9,0.5,0.8,67.8,48.306238,10.081120211568733
2019-02-28,8.5,0.5,0.8,64.6,49.38329,10.683576312722312
2019-03-04,10.2,0.0,0.9,63.4,51.897932,12.256059235235064
2019-03-05,8.9,0.0,0.7,65.8,49.897238,11.245149785288138
2019-03-06,9.2,2.0,0.8,80.5,49.57244,11.38644176406816
2019-03-07,7.5,0.0,1.2,62.8,48.057500000000005,9.136461734631098
2019-03-08,6.7,0.0,0.8,65.8,46.682114,8.876208009261571
2019-03-11,6.8,0.0,1.3,79.9,45.761168,8.300538323177609
2019-03-12,6.9,0.0,1.9,65.9,46.966929,7.840372056726199
2019-03-13,4.5,0.0,2.2,38.4,46.164519999999996,5.042139085517505
2019-03-14,5.3,0.0,0.9,54.3,45.677221,7.3003366674499315
2019-03-15,5.1,0.0,1.6,65.4,44.380846,6.211729406711351
2019-03-18,8.1,0.0,1.0,63.9,48.847441,9.995800000000003
2019-03-19,11.6,0.0,0.9,59.6,54.017663999999996,13.67197996888796
2019-03-20,11.2,19.0,0.7,81.4,52.757432,13.535963779830581
2019-03-21,14.6,0.0,2.0,58.4,58.215936,15.958208753705133
2019-03-22,9.3,0.0,1.8,40.9,51.749963,10.4598227147598
2019-03-25,6.0,0.0,0.9,64.9,45.73436,8.00829703427638
2019-03-26,9.7,0.0,0.8,59.8,51.348194,11.888488515029476
2019-03-27,12.3,0.0,1.6,55.5,55.084735,13.764290358130175
2019-03-28,12.8,0.0,1.1,68.0,55.56096,14.683670970461243
2019-03-29,12.7,0.0,0.9,77.0,55.25721,14.784489116758092
2019-04-01,6.3,0.0,1.6,42.1,48.008477,7.470489565281158
2019-04-02,7.7,0.0,1.4,45.6,49.492288,9.128580760392573
2019-04-03,8.8,0.0,1.3,33.0,51.583960000000005,10.370535684163583
2019-04-04,10.9,0.0,1.4,40.3,53.714873,12.456359420984967
2019-04-05,12.8,0.0,1.4,48.8,55.873536,14.432228000711705
2019-04-08,14.3,0.0,1.2,67.9,57.785903000000005,16.138672229922165
2019-04-09,10.4,24.0,2.0,66.5,52.06134,11.487290482673465
2019-04-10,8.4,10.9,1.7,79.6,48.340736,9.588838681019759
2019-04-11,9.1,0.0,0.8,76.5,49.623385,11.286032413875894
2019-04-12,10.9,0.0,1.0,63.9,52.886749,12.8462
2019-04-15,11.3,0.0,1.1,52.8,53.809336,13.147531745971474
2019-04-16,13.1,0.0,0.9,54.5,56.185604999999995,15.189037897801777
2019-04-17,15.2,0.0,1.0,62.4,59.078751999999994,17.2236
2019-04-18,14.8,0.0,1.1,72.0,58.54144,16.731856603114263
2019-04-19,12.7,0.0,0.8,82.0,55.170860000000005,14.900769020797382
2019-04-22,17.5,0.0,0.9,73.5,62.698375,19.639074489282308
2019-04-23,14.7,8.3,0.4,90.1,58.434953,17.47026683544726
2019-04-24,17.6,6.0,0.5,93.3,63.470692,20.127807898512717
2019-04-25,15.2,11.1,0.7,95.4,59.325592,17.519988118165266
2019-04-26,12.3,0.0,1.3,80.1,54.562477,13.993031065889042
2019-04-29,11.1,54.2,0.6,94.0,52.17866,13.59672370574867
2019-04-30,15.7,0.0,1.0,85.0,60.07355,17.7326
2019-05-02,16.0,0.0,1.0,59.0,60.1686,18.038
2019-05-03,16.2,0.0,1.1,55.5,60.38659,18.165586545971372
2019-05-07,14.6,0.0,1.2,58.0,58.215320000000006,16.447593281185007
2019-05-08,14.7,0.0,0.9,59.6,58.357788,16.807233021976515
2019-05-09,16.2,0.0,0.8,54.9,60.376162,18.415096277526604
2019-05-10,16.7,0.0,0.9,56.9,61.097577,18.829976927194938
2019-05-13,17.8,0.0,1.0,65.5,62.89391,19.870400000000004
2019-05-14,21.0,0.0,1.2,72.0,67.9828,23.037909041458956
2019-05-15,20.3,0.0,0.9,70.3,66.818291,22.4709159565881
2019-05-16,20.8,0.0,0.8,64.8,67.225216,23.03392638637073
2019-05-17,20.7,4.7,1.3,67.5,67.247275,22.687019982030144
2019-05-20,17.5,0.4,1.4,67.8,62.525949999999995,19.31990290845678
2019-05-21,17.6,0.0,1.3,46.9,62.021156000000005,19.478524072501877
2019-05-22,18.7,0.0,1.2,57.0,63.84841,20.669514315110504
2019-05-23,21.1,0.0,1.0,61.3,67.430057,23.229800000000004
2019-05-24,21.5,0.0,1.0,64.8,68.24128,23.637
2019-05-27,19.8,66.0,1.9,90.5,67.13631000000001,21.525769517466863
2019-05-28,18.8,0.0,1.5,50.8,63.718496,20.625943442016535
2019-05-29,19.7,0.0,1.1,54.1,65.071823,21.74991140311416
2019-05-30,20.3,0.0,1.1,54.4,65.896568,22.364367092910072
2019-05-31,17.1,1.2,1.1,76.3,62.156927,19.087270080665235
2019-06-03,21.5,0.0,1.0,64.9,68.248265,23.637
2019-06-04,22.5,0.0,1.1,71.4,70.21915,24.61737128882839
2019-06-05,23.9,0.0,0.9,65.9,71.827899,26.111854985981253
2019-06-07,19.0,15.8,0.7,89.3,65.71743000000001,21.304811239583216
2019-06-10,19.2,0.3,1.3,72.4,65.260592,21.134521961290655
2019-06-11,19.0,1.9,1.1,75.9,65.11309,21.033046431685605
2019-06-12,20.7,0.0,1.1,71.8,67.513574,22.774004219440677
2019-06-13,21.1,0.0,1.2,72.3,68.154847,23.14088272521324
2019-06-14,19.1,2.7,0.6,82.9,65.591861,21.491781341565947
2019-06-17,21.9,0.0,1.2,73.9,69.493559,23.96467219524748
2019-06-18,22.3,0.0,0.9,76.0,70.27351999999999,24.49365986180652
2019-06-19,22.8,0.0,1.0,77.6,71.187072,24.9604
2019-06-20,24.2,0.0,1.1,72.3,72.88473400000001,26.35832907658346
2019-06-21,24.4,0.0,1.1,69.9,72.953344,26.563147639848758
2019-06-24,21.9,0.0,1.1,76.3,69.670703,24.002915599032484
2019-06-25,23.3,0.0,1.2,71.9,71.476473,25.406303767807408
2019-06-26,18.5,93.7,0.5,93.4,65.03501,21.006547595073364
2019-06-27,23.9,40.0,0.7,88.5,73.943485,26.185241054043203
2019-06-28,24.2,0.0,1.1,81.5,73.77327,26.35832907658346
2019-07-01,23.8,0.3,0.7,87.1,73.64520200000001,26.085640445584843
2019-07-02,24.0,0.0,0.9,78.0,73.1188,26.21299218124218
2019-07-03,23.1,0.0,0.8,81.9,72.029011,25.34334144079279
2019-07-04,24.5,0.0,0.8,72.3,73.342465,26.749072343484478
2019-07-05,24.8,0.0,0.8,74.6,74.035992,27.05030039406127
2019-07-08,23.1,0.0,1.3,65.6,70.632264,25.171016815213314
2019-07-09,23.0,0.0,1.4,67.1,70.61337,25.039522481349955
2019-07-10,20.7,27.0,1.0,87.1,68.46110300000001,22.8226
2019-07-11,24.2,0.1,1.3,80.5,73.67669000000001,26.309515363755597
2019-07-12,24.3,0.0,1.1,73.4,73.144638,26.460738358216112
2019-07-15,24.1,5.1,0.9,79.1,73.382169,26.314129376503104
2019-07-16,23.7,4.8,0.9,81.1,72.928193,25.909580595459413
2019-07-17,24.4,2.0,0.9,78.0,73.75168,26.617540962285858
2019-07-18,22.5,24.8,0.7,91.3,71.806175,24.790832535626066
2019-07-19,23.5,30.7,0.7,94.5,73.806925,25.786838620209743
2019-07-22,26.8,0.0,1.1,85.1,78.41743199999999,29.020970399032393
2019-07-23,27.3,0.0,1.2,82.5,78.912775,29.525251117978623
2019-07-24,26.3,0.0,1.2,86.3,77.732031,28.49551428043582
2019-07-25,26.6,0.0,0.9,88.6,78.50812400000001,28.842559258026128
2019-07-26,27.1,0.0,1.1,87.3,79.188817,29.328198243930345
2019-07-29,27.8,0.0,1.1,81.0,79.52781999999999,30.0450632153589
2019-07-30,28.5,0.0,1.4,80.4,80.57266000000001,30.759142054243128
2019-07-31,28.8,0.0,1.5,79.3,80.898116,31.071697630791355
2019-08-01,28.4,0.0,1.1,78.6,80.163376,30.659518905154805
2019-08-02,28.8,0.0,0.9,77.8,80.684936,31.067577553766387
2019-08-05,29.0,0.0,0.7,75.4,80.65514,31.26487208541993
2019-08-06,26.5,7.3,1.3,78.8,77.16978,28.690012328889473
2019-08-07,27.7,0.0,1.2,80.6,79.314138,29.93714585299574
2019-08-08,28.4,0.0,0.8,77.5,80.0114,30.665037000982757
2019-08-09,28.4,0.0,0.7,76.9,79.928504,30.66726843466973
2019-08-12,28.2,0.2,1.4,79.5,79.96831,30.4471628048126
2019-08-13,28.6,2.2,0.7,81.1,80.831354,30.866469651586463
2019-08-14,29.4,0.6,1.6,71.8,80.744708,31.701622617749877
2019-08-16,27.8,0.0,1.9,71.4,78.258508,30.012837710174253
2019-08-19,25.7,0.0,0.7,74.6,75.429678,27.978052006293815
2019-08-20,26.9,0.2,1.0,72.0,76.96732,29.1342
2019-08-21,25.7,13.3,0.6,82.8,76.34340399999999,28.005203891115197
2019-08-22,26.7,29.8,1.0,87.0,78.48271,28.930600000000005
2019-08-23,24.4,0.0,0.6,82.1,74.155776,26.722257025294887
2019-08-26,23.9,0.0,1.0,77.5,72.91377499999999,26.0802
2019-08-27,22.6,10.7,0.5,92.8,72.09867200000001,25.009695101627422
2019-08-28,23.8,0.3,0.7,88.8,73.80265600000001,26.085640445584843
2019-08-29,22.3,0.2,0.9,89.8,71.346746,24.49365986180652
2019-08-30,22.7,0.0,0.7,74.6,70.784058,24.9900337525428
2019-09-02,20.2,24.9,0.5,94.6,68.052308,22.666389244132365
2019-09-03,21.9,95.9,0.5,94.5,71.01404500000001,24.326230893191365
2019-09-04,23.6,11.5,0.4,94.6,73.990544,26.049250743581762
2019-09-05,25.2,7.0,0.6,88.3,76.114184,27.511762788876617
2019-09-06,26.0,1.8,1.2,85.8,77.17552,28.186593229172978
2019-09-09,26.5,0.7,0.9,85.6,77.98136,28.741422062765206
2019-09-10,26.2,0.2,0.8,82.0,77.06515999999999,28.45603129675296
2019-09-11,25.7,1.8,1.1,83.8,76.454834,27.894468301073225
2019-09-16,23.5,0.0,1.1,71.6,71.75394,25.641464105154906
2019-09-17,20.8,0.0,1.0,69.4,67.514648,22.924400000000002
2019-09-18,21.1,0.0,0.8,67.4,67.831986,23.335154436947523
2019-09-19,19.4,0.0,0.8,72.3,65.561038,21.62819548367904
2019-09-20,19.2,0.0,1.1,72.1,65.246468,21.237864994950904
2019-09-23,18.1,0.1,0.8,86.6,64.095054,20.322873931179615
2019-09-24,18.3,0.0,0.7,79.6,64.161332,20.607606980374648
2019-09-25,17.7,0.0,0.6,80.4,63.228291999999996,20.110146255297924
2019-09-26,20.5,0.0,0.5,81.6,67.79692,22.959302476319245
2019-09-27,21.7,3.4,0.6,84.6,69.953818,24.057675073206557
2019-09-30,23.5,0.0,0.7,84.8,72.93732,25.786838620209743
2019-10-02,21.6,139.6,1.3,94.1,70.46204399999999,23.618518794473836
2019-10-04,21.4,0.0,0.7,83.4,69.376924,23.695225842584023
2019-10-07,15.9,7.4,0.6,90.1,60.477340999999996,18.333758287239036
2019-10-08,17.0,0.0,0.9,71.6,61.881479999999996,19.1333885129777
2019-10-10,15.0,0.0,0.5,73.0,58.8515,17.589226552893074
2019-10-11,18.9,0.0,0.9,63.6,64.414396,21.054995222935197
2019-10-14,15.6,0.0,0.6,75.4,59.798576,18.037693625895887
2019-10-15,14.9,0.0,1.0,75.6,58.709956000000005,16.918200000000002
2019-10-16,13.3,0.0,0.6,76.4,56.207388,15.767864555598422
2019-10-17,13.5,0.0,0.7,80.8,56.47952,15.826777774373024
2019-10-18,14.9,9.8,0.7,87.4,58.763174,17.221186292790165
2019-10-21,14.8,0.0,0.7,78.6,58.564672,17.121585684331798
2019-10-22,15.9,0.0,0.7,80.4,60.337564,18.217192377373838
2019-10-23,16.1,0.0,0.5,80.3,60.657117,18.663241737578307
2019-10-24,18.0,0.0,1.3,69.8,63.33696,19.892523544699074
2019-10-25,17.5,0.0,0.6,78.6,62.85265,19.91276981440249
2019-10-28,10.7,0.0,0.8,74.4,52.208991999999995,12.892582016952108
2019-10-29,11.9,0.0,1.0,72.4,54.115244000000004,13.8642
2019-10-30,10.4,0.0,0.4,77.4,51.624904,13.32536449780924
2019-10-31,10.8,0.0,0.4,77.3,52.259016,13.710936808287194
2019-11-01,12.6,0.0,0.4,79.4,55.056156,15.446012205437992
2019-11-04,12.6,0.0,0.5,81.1,55.025114,15.245920695398013
2019-11-05,11.8,0.0,0.5,79.5,53.77669,14.46481874289966
2019-11-06,10.6,0.0,0.5,75.9,51.997246,13.293165814152127
2019-11-07,10.9,0.0,0.6,72.9,52.570938999999996,13.399347264853237
2019-11-08,8.4,0.0,0.4,71.5,48.82544,11.397502945419465
2019-11-11,12.7,0.0,1.3,68.4,55.405732,14.407030538086238
2019-11-12,9.4,0.0,0.5,77.9,50.023674,12.121512885404599
2019-11-13,10.5,0.0,1.1,68.8,52.11836,12.328257492910264
2019-11-14,6.1,0.0,1.9,47.9,47.283981,6.991665237455461
2019-11-15,7.6,0.0,1.0,66.9,47.922855999999996,9.486799999999999
2019-11-18,11.8,12.8,1.4,64.1,54.179862,13.392297169276581
2019-11-19,4.9,0.0,1.3,63.0,44.31613,6.334040830240933
2019-11-20,4.2,0.0,0.8,55.9,44.032622,6.365974254454981
2019-11-21,5.2,0.0,0.8,57.0,45.29536,7.370067756377617
2019-11-22,8.7,0.0,0.5,71.9,49.258047,11.43804867696854
2019-11-25,9.8,0.0,1.9,56.8,51.626336,10.916934276582628
2019-11-26,9.7,0.0,0.9,69.1,50.911373,11.750373258930459
2019-11-27,8.2,0.0,0.8,65.3,48.905153999999996,10.382348262145523
2019-11-28,6.5,0.0,0.9,69.4,46.10669,8.513983010580983
2019-11-29,3.9,0.0,0.7,60.9,43.101649,6.265119362369779
2019-12-02,5.9,0.0,1.7,54.6,46.460386,6.956005241031802
2019-12-03,2.1,0.0,0.7,74.9,38.847471,4.472308410119171
2019-12-04,2.9,0.0,0.7,71.0,40.53441,5.269113277786109
2019-12-05,2.3,0.0,1.5,56.5,41.370005,3.3904490305380732
2019-12-06,-1.9,0.0,1.0,44.5,37.560455,-0.18419999999999948
2019-12-09,1.2,0.0,0.5,71.1,37.949368,4.115217872296483
2019-12-10,5.1,0.0,0.5,79.8,43.048702,7.923089890725951
2019-12-11,7.5,0.0,1.5,67.4,47.74125,8.822241208700982
2019-12-12,2.9,0.0,0.9,45.1,43.494521,4.873043981187825
2019-12-13,0.5,0.0,0.4,63.4,37.95263,3.782449813479845
2019-12-16,5.3,0.0,0.3,80.6,43.296282,8.769412808821158
2019-12-17,7.3,0.0,0.5,83.3,46.321191,10.071120260096421
2019-12-18,7.2,0.0,0.7,57.8,47.986584,9.551939441495895
2019-12-19,4.4,0.0,1.2,47.1,45.180375999999995,5.9442775382484045
2019-12-20,1.9,0.0,0.7,58.9,40.524209,4.273107193202437
2019-12-23,2.3,0.0,0.6,73.3,39.350141,4.912160306349667
2019-12-24,2.2,0.0,0.4,70.9,39.487502,5.421132133011154
2019-12-26,4.6,1.2,0.7,72.0,43.00888,6.962323621578349
2019-12-27,2.2,0.0,1.5,45.1,42.614978,3.2859914886503243
2019-12-30,6.0,0.6,0.4,84.1,44.12924,9.08406908255173
2019-12-31,-1.1,0.0,2.2,35.3,39.976683,-0.9572068576290357
2020-01-02,-0.3,0.0,0.3,74.0,35.25522,3.4576659013444213
2020-01-03,0.5,0.0,0.4,71.9,36.779205,3.782449813479845
2020-01-06,3.1,13.8,0.3,85.3,39.230957000000004,6.682655095169584
2020-01-07,9.9,40.3,0.9,93.6,50.107936,11.9526476494523
2020-01-08,7.4,0.0,3.1,66.4,47.663264,7.609143337501429
2020-01-09,3.1,0.0,0.8,63.9,41.634391,5.2614714023400815
2020-01-10,0.7,0.0,0.4,70.6,37.260458,3.9752359687188226
2020-01-13,-0.2,0.0,0.6,68.8,36.163376,2.4449547951567667
2020-01-14,0.6,0.0,0.8,58.9,38.713166,2.7512376475334923
2020-01-15,-0.4,0.0,0.7,63.9,36.585256,1.9822931986599932
2020-01-16,0.6,0.0,0.6,52.8,39.549232,3.234460558738494
2020-01-17,1.9,0.0,0.4,51.1,41.492891,5.131952900152688
2020-01-20,0.7,0.0,0.7,66.9,37.763917,3.0778998917020317
2020-01-21,0.6,0.0,0.7,53.0,39.52182,2.978299283243664
2020-01-22,3.5,20.1,0.5,76.0,40.9004,6.360885985729247
2020-01-23,6.7,7.9,0.6,93.4,44.566022000000004,9.254442006049167
2020-01-28,8.2,0.3,1.2,70.4,48.589872,9.857277520911062
2020-01-29,6.6,0.5,0.7,81.6,45.308944,8.954335790745692
2020-01-30,5.2,0.0,0.8,72.6,43.867648,7.370067756377617
2020-01-31,2.3,0.0,0.6,73.1,39.374187,4.912160306349667
2020-02-03,1.6,0.0,0.7,65.0,39.330600000000004,3.974305367827336
2020-02-04,0.3,0.0,0.7,60.9,38.015173000000004,2.6794974578685635
2020-02-05,-0.1,0.0,2.2,35.5,41.107355,0.11410491793284565
2020-02-06,-1.6,0.0,1.1,31.5,40.00054,-0.06326558464051579
2020-02-07,2.3,0.0,0.7,40.9,43.245593,4.671509627035906
2020-02-10,2.6,0.0,0.7,64.5,40.84273,4.970311452411007
2020-02-11,5.4,0.0,0.6,62.9,45.041934,7.97149514022886
2020-02-12,8.6,20.8,0.6,93.9,47.832946,11.129518194555772
2020-02-13,8.3,0.0,0.7,85.1,47.846367,10.647546134537933
2020-02-14,9.2,0.0,0.5,73.6,49.930688,11.926237397280012
2020-02-17,-0.3,0.0,2.9,51.1,38.597933,-0.6891759217258623
2020-02-18,0.4,0.0,1.1,48.3,39.908368,1.984920048012506
2020-02-19,3.1,0.0,0.6,54.9,42.645181,5.7016660699313935
2020-02-20,5.4,0.0,0.6,58.9,45.400094,7.97149514022886
2020-02-21,7.0,1.3,0.8,70.4,46.78152,9.177436059838362
2020-02-24,6.7,0.6,0.7,66.0,46.66678,9.05393639920406
2020-02-25,8.1,17.1,0.8,94.5,46.925455,10.281938911953262
2020-02-26,9.4,0.0,0.9,79.1,49.963746,11.446961673147698
2020-02-27,7.3,0.0,1.1,67.6,47.431652,9.051160480665429
2020-02-28,5.2,1.3,0.5,84.5,42.77856,8.020727634788248
2020-03-02,7.7,0.0,1.6,43.6,49.625828,8.939043083612592
2020-03-03,6.9,0.0,0.6,67.6,46.839956,9.451818446944598
2020-03-04,6.2,0.0,1.8,52.0,47.07776,7.1828160685091405
2020-03-05,3.3,0.0,1.2,46.8,43.809556,4.81156701695132
2020-03-06,4.1,0.0,0.8,57.5,43.732425,6.265564904262717
2020-03-09,8.0,7.4,0.4,85.0,47.357,11.011930634941505
2020-03-10,9.0,10.3,1.0,79.3,49.31573,10.912
2020-03-11,4.8,0.0,1.5,56.6,44.783832000000004,6.001887577731781
2020-03-12,6.0,0.0,1.0,56.8,46.41152,7.8580000000000005
2020-03-13,9.3,0.0,0.8,52.6,51.154082,11.486851114260423
2020-03-16,5.6,0.0,1.4,42.8,47.088432,6.944726014378817
2020-03-17,9.3,0.0,1.6,54.4,51.062408000000005,10.617389961705666
2020-03-18,9.4,0.0,0.9,58.8,50.97752800000001,11.446961673147698
2020-03-19,12.1,0.0,2.9,50.1,54.938179000000005,12.847155626131634
2020-03-20,10.6,0.0,1.9,36.6,53.493004,11.765641095853365
2020-03-23,11.6,0.0,1.4,46.6,54.383744,13.184311002989553
2020-03-24,9.6,0.0,0.8,56.8,51.351872,11.78807916483721
2020-03-25,11.2,0.0,0.9,58.9,53.480132,13.267431187844277
2020-03-26,10.8,18.6,0.4,88.8,51.844096,13.710936808287194
2020-03-27,14.6,0.9,0.7,79.6,58.248584,16.922384467415064
2020-03-30,11.4,0.0,0.9,64.3,53.595997999999994,13.46970557836612
2020-03-31,11.4,0.0,0.7,65.9,53.547774000000004,13.735164996747317
2020-04-01,13.6,0.4,1.3,46.8,56.924752,15.338529350529928
2020-04-02,9.7,0.0,0.8,44.6,52.062138000000004,11.888488515029476
2020-04-03,10.8,0.0,0.9,47.9,53.319767999999996,12.862882406800594
2020-04-06,9.3,0.0,0.7,51.1,51.230477,11.643552219121606
2020-04-07,13.0,0.0,0.8,51.3,56.096410000000006,15.201997071374173
2020-04-08,12.1,0.0,1.0,37.3,55.235267,14.067799999999998
2020-04-09,10.2,0.0,0.8,42.0,52.79716,12.390535265990792
2020-04-10,9.5,0.0,0.5,65.8,50.77409,12.219150629466892
2020-04-13,9.9,0.0,1.3,49.6,52.087496,11.50903423270587
2020-04-14,11.8,0.0,,54.8,54.423336000000006,
2020-04-16,11.4,0.0,0.8,68.1,53.481466,13.595447468297959
2020-04-17,10.7,28.9,0.3,90.8,51.601044,13.891454469602294
2020-04-20,13.6,0.0,1.7,68.5,56.74334,15.065132236194705
2020-04-21,11.4,0.0,2.1,36.9,54.421834000000004,12.491816065111681
2020-04-22,8.1,0.0,2.1,40.6,50.310914,8.967494721792125
2020-04-23,8.1,0.0,1.6,51.0,49.65769,9.358629803135862
2020-04-24,10.4,0.0,2.0,42.3,53.030308000000005,11.487290482673465
2020-04-27,12.7,0.0,0.8,50.8,55.709683999999996,14.900769020797382
2020-04-28,12.4,0.0,0.7,54.3,55.244968,14.731171081330984
2020-04-29,14.6,0.0,0.9,51.4,58.205156,16.706095826715593
2020-05-04,20.8,0.0,0.6,81.0,68.24452,23.16948108917712
2020-05-06,19.1,0.0,1.0,63.5,64.697715,21.193800000000003
2020-05-07,16.2,0.0,1.2,53.5,60.35183,18.095172221253492
2020-05-08,15.7,0.0,0.7,66.6,59.844837999999996,18.0179911604571
2020-05-11,19.6,0.0,0.6,58.8,65.177152,21.985222443804528
2020-05-12,19.4,0.0,2.3,44.3,64.187358,20.974903365457386
2020-05-13,17.1,0.0,0.9,51.8,61.512822,19.23452570823862
2020-05-14,17.2,0.0,0.6,55.3,61.740584,19.616705153059343
2020-05-15,15.0,17.8,0.3,91.9,58.95545,17.970117273557648
2020-05-18,17.8,13.6,0.6,89.0,63.67458,20.20883447574564
2020-05-19,14.3,0.0,1.7,75.5,57.775035,15.80232559939133
2020-05-20,15.8,0.0,0.9,72.3,60.068266,17.91974216984665
2020-05-21,16.1,0.0,0.9,75.8,60.58336200000001,18.223153755629415
2020-05-22,16.5,0.0,0.9,72.9,61.148515,18.627702536673095
2020-05-25,19.4,0.0,0.5,74.4,65.664064,21.885287291634008
2020-05-26,19.1,0.0,0.6,78.0,65.36601999999999,21.491781341565947
2020-05-27,19.8,0.0,0.8,63.3,65.694166,22.029832884448094
2020-05-28,19.5,0.0,0.9,66.5,65.423325,21.661818394500727
2020-05-29,20.2,0.0,0.8,65.5,66.39419000000001,22.431470285217152
2020-06-01,22.1,0.0,1.1,63.1,68.983349,24.20773416229779
2020-06-02,20.2,0.0,0.9,56.6,65.887068,22.36977876132718
2020-06-03,21.4,0.0,0.9,77.3,68.95687799999999,23.58342510445823
2020-06-04,24.2,0.0,1.0,76.6,73.300028,26.385600000000004
2020-06-05,24.1,0.0,0.9,72.3,72.732157,26.314129376503104
2020-06-08,23.1,0.0,0.7,63.6,70.46088400000001,25.388436186376268
2020-06-09,24.2,0.0,0.8,67.6,72.430808,26.44784429290769
2020-06-10,24.7,0.4,0.9,75.8,74.002974,26.92095254806862
2020-06-11,24.8,3.2,0.8,85.9,75.194468,27.05030039406127
2020-06-12,24.6,11.2,0.9,87.5,75.02325,26.81981535280771
2020-07-01,22.3,0.0,0.8,77.4,70.382398,24.540066639254682
2020-07-02,21.6,0.0,0.6,81.4,69.562376,23.958986852758848
2020-07-03,19.5,10.4,0.8,91.4,66.66957,21.7286048338713
2020-07-06,22.0,0.0,0.3,92.8,71.06144,24.609800907903566
2020-07-07,24.6,0.0,1.0,84.9,74.76184599999999,26.792800000000007
2020-07-08,24.9,0.0,0.9,80.3,74.78085300000001,27.12322693859047
2020-07-09,22.6,2.6,1.1,90.6,71.92104400000001,24.719780570461047
2020-07-10,23.9,62.6,1.0,91.6,74.233676,26.0802
2020-07-13,19.3,121.1,0.6,98.9,66.687123,21.68915778246138
2020-07-14,20.2,7.9,1.0,96.3,68.149174,22.3136
2020-07-15,19.5,7.5,0.5,97.8,66.98989,21.982925035696304
2020-07-16,22.0,0.0,0.8,83.1,70.33588,24.238838588677893
2020-07-17,22.7,0.0,0.9,81.9,71.380687,24.898208642850207
2020-07-20,26.3,0.7,1.4,88.0,77.93156,28.471294225085867
2020-07-21,25.2,8.3,0.7,84.4,75.698912,27.48004896400198
2020-07-22,23.4,36.1,0.5,95.3,73.70329799999999,25.790797054125775
2020-07-23,22.5,102.8,1.2,96.8,72.2448,24.58251429777316
2020-07-24,21.1,9.3,1.2,92.5,69.485825,23.14088272521324
2020-07-27,22.0,41.4,0.5,94.9,71.21852000000001,24.423868637253655
2020-07-28,24.4,21.9,0.7,94.9,75.417344,26.683244096335038
2020-07-29,24.4,23.7,0.4,95.6,75.486336,26.82039536453767
2020-07-30,24.6,48.4,0.8,93.8,75.65665200000001,26.849481693676747
2020-07-31,26.2,0.0,0.8,88.3,77.79835399999999,28.45603129675296
2020-08-03,27.2,0.0,1.2,84.9,79.053172,29.42227743422434
2020-08-04,27.4,0.0,1.0,85.8,79.498708,29.6432
2020-08-05,27.1,26.6,1.1,90.4,79.57721599999999,29.328198243930345
2020-08-06,26.9,11.8,1.6,89.3,79.100583,29.079205620729454
2020-08-07,25.4,90.3,0.8,95.0,77.1777,27.652756495214852
2020-08-10,25.8,68.9,1.2,95.3,77.91162600000001,27.980645861664414
2020-08-11,26.5,21.9,1.2,89.8,78.48263,28.70146164794438
2020-08-12,27.8,1.8,1.0,88.6,80.532692,30.050400000000003
2020-08-13,28.0,0.0,1.2,84.5,80.31989999999999,30.246066904258583
2020-08-14,28.7,0.0,1.5,82.5,81.190225,30.96724008890361
2020-08-18,28.5,0.0,0.9,79.5,80.44742500000001,30.764165967983622
2020-08-19,28.3,0.0,0.7,78.5,79.99084500000001,30.56766782621136
2020-08-20,28.4,0.0,0.8,77.4,79.99758399999999,30.665037000982757
2020-08-21,27.5,0.0,0.9,80.8,79.0184,29.752794015374413
2020-08-24,27.1,0.0,0.8,79.1,78.161439,29.359715448483335
2020-08-25,28.0,0.0,1.0,77.8,79.42076,30.254
2020-08-26,27.4,8.3,2.1,85.0,79.39609999999999,29.579434699388308
2020-08-27,27.3,14.6,1.4,88.8,79.714576,29.511225056520985
2020-08-28,26.7,0.8,0.5,90.1,78.858833,29.01284260818148
2020-08-31,26.6,2.2,1.1,81.9,77.701846,28.816151835767094
2020-09-01,26.0,0.0,0.8,79.6,76.46624,28.255212596368438
2020-09-02,25.2,49.9,1.4,91.0,76.40168,27.327370310507224
2020-09-03,25.8,50.5,3.9,66.6,74.685172,27.736983279488875
2020-09-04,22.6,0.0,0.9,81.3,71.170162,24.797071447589282
2020-09-07,22.2,49.9,3.3,81.1,70.508858,23.80911749591608
2020-09-08,24.3,0.5,1.8,79.9,73.778843,26.316306486940405
2020-09-09,22.5,10.8,0.9,85.6,71.35159999999999,24.69593425232836
2020-09-10,22.9,10.5,0.6,82.9,71.78855899999999,25.24193371857915
2020-09-11,21.8,3.3,0.8,88.5,70.40257,24.038019888293366
2020-09-14,22.1,0.0,0.6,83.0,70.49157,24.452427954997425
2020-09-15,22.8,0.0,0.6,80.0,71.3856,25.143245498131435
2020-09-16,21.4,1.8,0.4,91.6,69.941576,23.928603035953007
2020-09-17,20.6,3.7,0.3,92.6,68.62904400000001,23.281864181034386
2020-09-18,18.9,1.1,0.6,87.6,65.473036,21.29440490067051
2020-09-21,17.5,0.0,0.8,71.1,62.625775000000004,19.720417830026033
2020-09-22,17.6,0.0,1.0,75.6,62.917744,19.666800000000002
2020-09-23,19.1,0.0,1.1,70.5,65.02034499999999,21.135455713318258
2020-09-24,20.2,0.0,1.4,70.8,66.696184,22.127716153331612
2020-09-25,19.9,0.0,0.9,74.6,66.44814600000001,22.066367175544414
2020-09-28,17.0,0.0,0.7,76.0,61.9928,19.31279907041587
2020-10-05,15.9,0.0,1.8,52.1,59.929761,17.436675574519267
2020-10-06,15.1,0.0,0.8,62.1,58.934028999999995,17.310593425411707
2020-10-07,17.4,0.0,1.2,60.5,62.164229999999996,19.33085642630486
2020-10-08,18.2,0.0,2.4,57.0,63.16126,19.653049375995906
2020-10-12,17.2,0.0,0.8,73.0,62.22344,19.41918977944924
2020-10-13,14.2,0.0,0.8,63.1,57.649298,16.406909273681336
2020-10-14,13.4,0.0,0.7,63.5,56.49741,15.727177165914657
2020-10-15,14.0,0.0,1.0,50.1,57.419560000000004,16.002
2020-10-16,12.1,0.0,0.4,73.6,54.392744,14.964046817340545
2020-10-19,12.8,0.0,0.6,69.4,55.538168,15.274423453359844
2020-10-20,12.8,0.0,0.6,68.9,55.546308,15.274423453359844
2020-10-21,13.4,27.6,0.4,85.0,56.2751,16.217156826393904
2020-10-22,14.8,0.8,0.6,77.6,58.561152,17.24818786231416
2020-10-23,11.1,0.0,1.4,53.1,53.532859,12.664345587271994
2020-10-26,11.4,0.0,0.5,74.0,53.30364,14.074267766650483
2020-10-27,11.7,0.0,0.4,73.8,53.771854,14.578474506862591
2020-10-28,12.7,0.0,0.4,80.9,55.189857,15.54240528305748
2020-10-29,10.5,0.0,0.6,65.0,52.26675,13.004594383062374
2020-10-30,10.7,0.0,0.5,69.1,52.405463,13.39080355821442
2020-11-02,11.8,1.9,0.5,79.6,53.774072000000004,14.46481874289966
2020-11-03,7.3,0.0,2.0,57.0,48.18139,8.187326996911995
2020-11-04,5.3,0.0,0.6,64.6,44.744762,7.872806919781144
2020-11-05,7.5,0.0,0.4,63.5,48.009375,10.529965246844062
2020-11-06,11.0,0.0,0.4,74.4,52.67296,13.90372296352617
2020-11-09,8.0,0.0,1.7,42.9,50.04298,9.167585330621682
2020-11-10,7.8,0.0,0.7,56.8,48.881696,10.149543092246098
2020-11-11,6.4,0.0,0.6,63.8,46.402968,8.95837734470602
2020-11-12,7.5,0.0,0.5,72.5,47.390625,10.266395748221012
2020-11-13,8.4,0.0,0.4,74.4,48.651904,11.397502945419465
2020-11-16,11.3,0.0,0.5,73.4,53.168058,13.976630022588187
2020-11-17,15.1,0.0,0.5,77.3,59.032677,17.686864296955363
2020-11-18,18.2,1.9,0.9,86.5,64.25807,20.347034856108753
2020-11-19,19.3,20.4,2.0,84.3,65.98530099999999,20.96137919985962
2020-11-20,9.7,0.0,1.0,71.3,50.808039,11.624600000000001
2020-11-23,6.0,0.0,1.1,59.0,46.2276,7.719839819440967
2020-11-24,5.7,0.0,0.7,59.8,45.740114,8.057930314620389
2020-11-25,7.0,0.0,0.7,59.6,47.57748,9.352738224579163
2020-11-26,7.6,0.0,0.6,62.5,48.221000000000004,10.14263599007861
2020-11-27,7.2,0.0,1.2,60.3,47.807284,8.827540683368255
2020-11-30,4.1,0.0,1.2,55.9,43.896281,5.635356486985563
2020-12-01,2.2,0.0,0.8,52.4,41.730072,4.35778725060971
2020-12-02,3.0,0.0,0.4,52.4,42.79308,6.1922767539670645
2020-12-03,3.7,0.0,1.4,54.5,43.499835,4.968857434652083
2020-12-04,2.1,0.0,0.8,48.0,42.13492,4.2573779004174455
2020-12-07,2.9,0.0,0.4,77.6,39.780096,6.095883676347577
2020-12-08,2.3,0.0,0.6,61.9,40.720763,4.912160306349667
2020-12-09,0.8,0.0,0.5,63.0,38.437960000000004,3.7246668960473053
2020-12-10,3.2,0.0,0.3,61.6,42.034688,6.7775077185173815
2020-12-11,4.8,0.0,0.4,73.3,43.189316000000005,7.927352151117866
2020-12-14,-1.1,0.0,2.5,33.8,40.207518,-1.2339705448327352
2020-12-15,-2.6,0.0,1.8,39.5,37.52877,-2.1196544111701456
2020-12-16,-2.7,0.0,1.5,51.4,35.388878,-1.8324280638493404
2020-12-17,-2.2,0.0,0.8,58.8,34.828936,-0.06022415784988666
2020-12-18,0.2,0.0,0.9,59.3,38.099514,2.1423397091429544
2020-12-21,-1.3,0.0,0.4,68.4,34.585492,2.047374416329046
2020-12-22,-0.7,0.0,0.4,76.3,34.293341,2.625732882045978
2020-12-23,0.4,0.0,0.4,78.4,35.723264,3.6860567358603555
2020-12-24,4.3,0.0,1.2,58.3,43.927931,5.841303854494123
2021-01-04,-1.5,0.0,0.4,60.5,35.535075,1.8545882610900684
2021-01-05,-0.4,0.0,1.2,51.9,38.348776,1.0015407180429443
2021-01-06,-2.3,0.0,1.1,48.0,36.48004,-0.7801305560690736
2021-01-07,-6.9,0.0,2.7,41.6,31.920503999999998,-7.703855023063218
2021-01-08,-9.1,0.0,1.0,48.0,27.74068,-7.513800000000001
2021-01-11,-3.3,0.0,0.4,69.1,31.488203000000002,0.1195128639392693
2021-01-12,-1.9,0.0,0.8,66.6,33.984454,0.2410038927269047
2021-01-13,3.4,0.0,1.3,67.4,41.684484,4.781542809501451
2021-01-14,3.3,0.0,0.5,69.9,41.260933,6.165610497604659
2021-01-15,7.5,0.0,1.2,74.8,47.2325,9.136461734631098
2021-01-18,-0.8,0.2,1.9,60.1,36.581708,-0.3284310787546616
2021-01-19,-1.9,0.0,0.8,44.0,37.641360000000006,0.2410038927269047
2021-01-20,-0.4,0.0,0.5,64.0,36.57056,2.5530139672997767
2021-01-21,5.2,1.7,0.6,77.8,43.391744,7.77411869933343
2021-01-22,7.0,1.2,0.5,97.5,44.78425,9.778207027909543
2021-01-25,6.3,0.0,1.0,75.8,45.291246,8.163400000000001
2021-01-26,4.7,10.3,0.6,94.5,40.990585,7.280677597094847
